area_name,name,lat,long,status,note
松川町,1,35.57827778,137.9135833,0,
松川町,2,35.5837809,137.9121354,0,
松川町,3,35.58166667,137.9151111,0,
松川町,4,35.58651,137.9116665,0,
松川町,5,35.59080556,137.9138611,0,
松川町,6,35.59580556,137.9131389,0,
松川町,7,35.59630556,137.9156111,0,
松川町,8,35.59602778,137.9151111,0,
松川町,9,35.59408333,137.9156389,0,
松川町,10,35.5961933,137.9178012,0,
松川町,11,35.59516667,137.9180833,0,
松川町,12,35.59816667,137.9174722,0,
松川町,13,35.597494,137.9209044,0,
松川町,14,35.5969174,137.9264242,0,
松川町,15,35.6004346,137.9253809,0,
松川町,16,35.5967666,137.9093087,0,
松川町,17,35.5967843,137.910757,0,
松川町,18,35.5981972,137.9064917,0,
松川町,19,35.59141667,137.9028611,0,
松川町,20,35.5878862,137.8980387,0,
松川町,21,35.5871459,137.9069632,0,
松川町,22,35.5914088,137.8990363,0,
松川町,23,35.58330556,137.9068333,0,
松川町,24,35.5971662,137.8858333,0,
松川町,25,35.6028889,137.8879444,0,
松川町,26,35.6068213,137.8907488,0,
松川町,27,35.6122072,137.8916692,0,
松川町,28,35.6077429,137.9041916,0,
松川町,29,35.6027375,137.897435,0,
松川町,30,35.600183,137.8927534,0,
松川町,31,35.60447,137.8920927,0,
松川町,32,35.60516667,137.8819444,0,
松川町,33,35.60894444,137.875,0,
松川町,34,35.60605556,137.9200278,0,
松川町,35,35.60930556,137.9172222,0,
松川町,36,35.61588889,137.9099167,0,
松川町,37,35.61461111,137.9037778,0,
松川町,38,35.61747222,137.9045,0,
松川町,39,35.61808333,137.9034167,0,
松川町,40,35.61744444,137.90025,0,
松川町,41,35.62127778,137.9033333,0,
松川町,42,35.62369444,137.9023056,0,
松川町,43,35.6162849,137.8909779,0,
松川町,44,35.62022222,137.8923611,0,
松川町,45,35.62038889,137.8941944,0,
松川町,46,35.62338889,137.8950278,0,
松川町,47,35.62966667,137.89775,0,
松川町,48,35.63572222,137.8984444,0,
松川町,49,35.6351086,137.9001947,0,
松川町,50,35.59016667,137.9282778,0,
松川町,51,35.5929269,137.92857,0,
松川町,52,35.5848289,137.9261962,0,
松川町,53,35.58047222,137.9244444,0,
松川町,54,35.58327778,137.9469167,0,
松川町,55,35.5907946,137.9720366,0,
松川町,56,35.583536,137.9821165,0,
松川町,57,35.58380556,137.9544167,0,
松川町,58,35.59141667,137.9538056,0,
松川町,59,35.5846411,137.9710278,0,
松川町,60,35.5832994,137.979178,0,
松川町,61,35.57463889,137.9526389,0,
松川町,62,35.5962669,137.9407577,0,
松川町,63,35.5975,137.9436111,0,
松川町,64,35.59819444,137.9506389,0,
松川町,65,35.59502778,137.9381111,0,
松川町,66,35.59711111,137.9133333,0,
松川町,67,35.6007222,137.9121303,0,
松川町,68,35.60244444,137.9134167,0,
松川町,69,35.6008611,137.9163862,0,
松川町,70,35.6044726,137.9082627,0,
松川町,71,35.60505556,137.9106944,0,
松川町,72,35.59922222,137.9154167,0,
白馬村,1,36.6889754,137.8594465,0,
白馬村,2,36.6855662,137.8574858,0,
白馬村,3,36.6842525,137.8530693,0,
白馬村,4,36.6805348,137.8550683,0,
白馬村,5,36.6944098,137.8619969,0,
白馬村,6,36.6968874,137.860073,0,
白馬村,7,36.696568,137.86312,0,
白馬村,8,36.698613,137.8641424,0,
白馬村,9,36.7000829,137.8649566,0,
白馬村,10,36.6997187,137.8616568,0,
白馬村,11,36.6906958,137.8568113,0,
白馬村,12,36.6939576,137.8586054,0,
白馬村,13,36.6957332,137.8586613,0,
白馬村,14,36.6983088,137.8689644,0,
白馬村,15,36.6973174,137.8723196,0,
白馬村,16,36.6924103,137.8700453,0,
白馬村,17,36.6849762,137.8769939,0,
白馬村,18,36.6702436,137.8804318,0,
白馬村,19,36.707403,137.8693348,0,
白馬村,20,36.7094769,137.8730604,0,
白馬村,21,36.7109402,137.873334,0,
白馬村,22,36.7109466,137.8761364,0,
白馬村,23,36.7196751,137.8943206,0,
白馬村,24,36.7301611,137.8837621,0,
白馬村,25,36.7221581,137.8850312,0,
白馬村,26,36.7081702,137.8946643,0,
白馬村,27,36.6550371,137.8471342,0,
白馬村,28,36.6559957,137.845795,0,
白馬村,29,36.656955,137.8482192,0,
白馬村,30,36.6629456,137.8488188,0,
白馬村,31,36.6581336,137.850605,0,
白馬村,32,36.657505,137.8401983,0,
白馬村,33,36.667528,137.8490031,0,
白馬村,34,36.6688232,137.8487938,0,
白馬村,35,36.6699248,137.8472841,0,
白馬村,36,36.6687349,137.8475317,0,
白馬村,37,36.6771622,137.8529074,0,
白馬村,38,36.6287836,137.8591923,0,
白馬村,39,36.6362462,137.8530677,0,
白馬村,40,36.633266,137.843938,0,
白馬村,41,36.6339892,137.8446032,0,
白馬村,42,36.6394976,137.8449463,0,
白馬村,43,36.6416228,137.843132,0,
白馬村,44,36.6437148,137.8443878,0,
白馬村,45,36.64538,137.8590387,0,
白馬村,46,36.650684,137.8614736,0,
白馬村,47,36.6518531,137.8655516,0,
白馬村,48,36.6502896,137.8675074,0,
白馬村,49,36.7011955,137.8463348,0,
白馬村,50,36.7023008,137.8440603,0,
白馬村,51,36.7008326,137.8423554,0,
白馬村,52,36.7005058,137.8402579,0,
白馬村,53,36.7069007,137.8396363,0,
白馬村,54,36.7110715,137.8325629,0,
白馬村,55,36.7109656,137.8442239,0,
白馬村,56,36.7136949,137.8702147,0,
白馬村,57,36.7138637,137.8684633,0,
白馬村,58,36.7137097,137.8672534,0,
白馬村,59,36.7175969,137.8621159,0,
白馬村,60,36.7353155,137.8661944,0,
白馬村,61,36.7382709,137.8678731,0,
白馬村,62,36.6839267,137.8488292,0,
白馬村,63,36.6902321,137.8383865,0,
白馬村,64,36.6902498,137.847242,0,
白馬村,65,36.6943819,137.8440967,0,
白馬村,66,36.6946728,137.8463332,0,
白馬村,67,36.6928436,137.8483932,0,
上松町,1,35.8093345,137.6842274,0,
上松町,2,35.7861974,137.6963015,0,
上松町,3,35.7855181,137.6956931,0,
上松町,4,35.783342,137.6935019,0,
上松町,5,35.7853027,137.6938277,0,
上松町,6,35.7818732,137.6944438,0,
上松町,7,35.8107364,137.7391014,0,
上松町,8,35.7768686,137.6969949,0,
上松町,9,35.7525913,137.6356755,0,
上松町,10,35.7669072,137.699331,0,
上松町,11,35.7748834,137.6961412,0,
上松町,12,35.784029,137.6941543,0,
上松町,13,35.784029,137.6941543,0,
上松町,14,35.7705905,137.7048979,0,
上松町,15,35.8107364,137.7391014,0,
上松町,16,35.784029,137.6941543,0,
上松町,17,35.784029,137.6941543,0,
上松町,18,35.784029,137.6941543,0,
上松町,19,35.784029,137.6941543,0,
上松町,20,35.784029,137.6941543,0,
上松町,21,35.784029,137.6941543,0,
上松町,22,35.784029,137.6941543,0,
上松町,23,35.784029,137.6941543,0,
上松町,24,35.7868429,137.7173922,0,
上松町,25,35.7525913,137.6356755,0,
上松町,26,35.7985211,137.725916,0,
上松町,27,35.7525913,137.6356755,0,
上松町,28,35.7525913,137.6356755,0,
上松町,29,35.7525913,137.6356755,0,
上松町,30,35.7726085,137.6720902,0,
上松町,31,35.7525913,137.6356755,0,
上松町,32,35.7525913,137.6356755,0,
上松町,33,35.7525913,137.6356755,0,
上松町,34,35.7525913,137.6356755,0,
上松町,35,35.7525913,137.6356755,0,
上松町,36,35.7805113,137.6944434,0,
上松町,37,35.7525913,137.6356755,0,
上松町,38,35.779539,137.6943472,0,
上松町,39,35.7525913,137.6356755,0,
上松町,40,35.7525913,137.6356755,0,
上松町,41,35.7775529,137.6957518,0,
上松町,42,35.779448,137.6919806,0,
上松町,43,35.778028,137.6925963,0,
上松町,44,35.7811309,137.6967331,0,
上松町,45,35.7525913,137.6356755,0,
上松町,46,35.7968227,137.686589,0,
上松町,47,35.7525913,137.6356755,0,
上松町,48,35.8107364,137.7391014,0,
上松町,49,35.7864053,137.6919739,0,
上松町,50,35.7525913,137.6356755,0,
上松町,51,35.779397,137.6897652,0,
上松町,52,35.7814299,137.6913649,0,
上松町,53,35.7525913,137.6356755,0,
上松町,54,35.7814299,137.6913649,0,
上松町,55,35.7846107,137.6905906,0,
大鹿村,1,35.5781999,138.034012,0,
大鹿村,2,35.5792549,138.0356603,0,
大鹿村,3,35.5645244,138.0381293,0,
大鹿村,4,35.5107505,138.0605108,0,
大鹿村,5,35.5591936,138.0408793,0,
大鹿村,6,35.556785,138.042884,0,
大鹿村,7,35.5107505,138.0605108,0,
大鹿村,8,35.5107505,138.0605108,0,
大鹿村,9,35.5107505,138.0605108,0,
大鹿村,10,35.5107505,138.0605108,0,
大鹿村,11,35.5107505,138.0605108,0,
大鹿村,12,35.5107505,138.0605108,0,
大鹿村,13,35.5107505,138.0605108,0,
大鹿村,14,35.5405322,138.0397756,0,
大鹿村,15,35.5520585,138.0485362,0,
大鹿村,16,35.5107505,138.0605108,0,
大鹿村,17,35.5107505,138.0605108,0,
大鹿村,18,35.5107505,138.0605108,0,
大鹿村,19,35.5107505,138.0605108,0,
大鹿村,20,35.5107505,138.0605108,0,
大鹿村,21,35.6193,138.0605108,0,
大鹿村,22,35.6193,138.0605108,0,
大鹿村,23,35.5885775,138.0471062,0,
大鹿村,24,35.6193,138.0605108,0,
大鹿村,25,35.5900845,138.0475638,0,
大鹿村,26,35.6193,138.0605108,0,
大鹿村,27,35.6193,138.0605108,0,
大鹿村,28,35.6193,138.0605108,0,
大鹿村,29,35.6212679,138.0580668,0,
大鹿村,30,35.6193,138.0605108,0,
大鹿村,31,35.6193,138.0605108,0,
大鹿村,32,35.6193,138.0605108,0,
大鹿村,33,35.5898817,138.0655765,0,
大鹿村,34,35.6193,138.0605108,0,
大鹿村,35,35.6193,138.0605108,0,
大鹿村,36,35.6193,138.0605108,0,
伊那市,1-1,35.849701,137.958405,0,
伊那市,1-2,35.849701,137.958405,0,
伊那市,1-3,35.849701,137.958405,0,
伊那市,1-4,35.849701,137.958405,0,
伊那市,1-5,35.849701,137.958405,0,
伊那市,1-6,35.849701,137.958405,0,
伊那市,1-7,35.849701,137.958405,0,
伊那市,1-8,35.849701,137.958405,0,
伊那市,1-9,35.849701,137.958405,0,
伊那市,2-1,35.843826,137.956558,0,
伊那市,2-2,35.843826,137.956558,0,
伊那市,2-3,35.843826,137.956558,0,
伊那市,3-1,35.844036,137.9431,0,
伊那市,3-2,35.844036,137.9431,0,
伊那市,3-3,35.844036,137.9431,0,
伊那市,3-4,35.844036,137.9431,0,
伊那市,3-5,35.844036,137.9431,0,
伊那市,3-6,35.844036,137.9431,0,
伊那市,3-7,35.844036,137.9431,0,
伊那市,3-8,35.844036,137.9431,0,
伊那市,3-9,35.844036,137.9431,0,
伊那市,3-10,35.844036,137.9431,0,
伊那市,3-11,35.844036,137.9431,0,
伊那市,4-1,35.834656,137.944366,0,
伊那市,4-2,35.834656,137.944366,0,
伊那市,4-3,35.834656,137.944366,0,
伊那市,4-4,35.834656,137.944366,0,
伊那市,4-5,35.834656,137.944366,0,
伊那市,4-6,35.834656,137.944366,0,
伊那市,4-7,35.834656,137.944366,0,
伊那市,4-8,35.834656,137.944366,0,
伊那市,4-9,35.834656,137.944366,0,
伊那市,4-10,35.834656,137.944366,0,
伊那市,4-11,35.834656,137.944366,0,
伊那市,5-1,35.827499,137.953888,0,
伊那市,5-2,35.827499,137.953888,0,
伊那市,6-1,35.843212,137.914322,0,
伊那市,6-2,35.843212,137.914322,0,
伊那市,6-3,35.843212,137.914322,0,
伊那市,7-1,35.849205,137.927216,0,
伊那市,7-2,35.854412,137.923355,0,
伊那市,7-3,35.854412,137.923355,0,
伊那市,8-1,35.854053,137.906433,0,
伊那市,9-1,35.847637,137.895554,0,
伊那市,10-1,35.832008,137.971832,0,
伊那市,10-2,35.832008,137.971832,0,
伊那市,10-3,35.832008,137.971832,0,
伊那市,10-4,35.832008,137.971832,0,
伊那市,10-5,35.832008,137.971832,0,
伊那市,11-1,35.833984,137.960266,0,
伊那市,11-2,35.827232,137.965225,0,
伊那市,11-3,35.825623,137.95459,0,
伊那市,11-4,35.825623,137.95459,0,
伊那市,11-5,35.825623,137.95459,0,
伊那市,11-6,35.825623,137.95459,0,
伊那市,11-7,35.825623,137.95459,0,
伊那市,11-8,35.825623,137.95459,0,
伊那市,12-1,35.842743,137.971191,0,
伊那市,12-2,35.842743,137.971191,0,
伊那市,12-3,35.842743,137.971191,0,
伊那市,12-4,35.842743,137.971191,0,
伊那市,12-5,35.842743,137.971191,0,
伊那市,12-6,35.842743,137.971191,0,
伊那市,12-7,35.842743,137.971191,0,
伊那市,13-1,35.853539,137.978836,0,
伊那市,13-2,35.858749,137.998184,0,
伊那市,13-3,35.870228,137.993134,0,
伊那市,13-4,35.870228,137.993134,0,
伊那市,13-5,35.870228,137.993134,0,
伊那市,13-6,35.870228,137.993134,0,
伊那市,13-7,35.870228,137.993134,0,
伊那市,15-1,35.827232,137.965225,0,
伊那市,15-2,35.827232,137.965225,0,
伊那市,15-3,35.827232,137.965225,0,
伊那市,15-4,35.827499,137.953888,0,
伊那市,15-5,35.827499,137.953888,0,
伊那市,15-6,35.827499,137.953888,0,
伊那市,17-1,35.827499,137.953888,0,
伊那市,17-2,35.827499,137.953888,0,
伊那市,17-3,35.827499,137.953888,0,
伊那市,17-4,35.827499,137.953888,0,
伊那市,17-5,35.827499,137.953888,0,
伊那市,17-6,35.827499,137.953888,0,
伊那市,18-1,35.827499,137.953888,0,
伊那市,18-2,35.827499,137.953888,0,
伊那市,18-3,35.827499,137.953888,0,
伊那市,19-1,35.827499,137.953888,0,
伊那市,19-2,35.827499,137.953888,0,
伊那市,19-3,35.827499,137.953888,0,
伊那市,20-1,35.827499,137.953888,0,
伊那市,20-2,35.827499,137.953888,0,
伊那市,20-3,35.847637,137.895554,0,
伊那市,20-4,35.827499,137.953888,0,
伊那市,20-5,35.827499,137.953888,0,
伊那市,20-6,35.827499,137.953888,0,
伊那市,21-1,35.843136,137.983521,0,
伊那市,21-2,35.843136,137.983521,0,
伊那市,21-3,35.827499,137.953888,0,
伊那市,21-4,35.854412,137.923355,0,
伊那市,21-5,35.825623,137.95459,0,
伊那市,21-6,35.825623,137.95459,0,
伊那市,21-7,35.825623,137.95459,0,
伊那市,22-1,35.843136,137.983521,0,
伊那市,22-2,35.825623,137.95459,0,
伊那市,22-3,35.827499,137.953888,0,
伊那市,22-4,35.827499,137.953888,0,
伊那市,22-5,35.827499,137.953888,0,
伊那市,22-6,35.827499,137.953888,0,
伊那市,23-1,35.854412,137.923355,0,
伊那市,23-2,35.854412,137.923355,0,
伊那市,23-3,35.854412,137.923355,0,
伊那市,24-1,35.858749,137.998184,0,
伊那市,24-2,35.858749,137.998184,0,
伊那市,24-3,35.858749,137.998184,0,
伊那市,24-4,35.858749,137.998184,0,
伊那市,24-5,35.858749,137.998184,0,
伊那市,25-1,35.825623,137.95459,0,
伊那市,25-2,35.825623,137.95459,0,
伊那市,26-1,35.827499,137.953888,0,
伊那市,26-2,35.827499,137.953888,0,
伊那市,26-3,35.827499,137.953888,0,
伊那市,27-1,35.827499,137.953888,0,
伊那市,27-2,35.827499,137.953888,0,
伊那市,27-3,35.827499,137.953888,0,
伊那市,28-1,35.827499,137.953888,0,
伊那市,28-2,35.827499,137.953888,0,
伊那市,29-1,35.827499,137.953888,0,
伊那市,29-2,35.827499,137.953888,0,
伊那市,29-3,35.827499,137.953888,0,
伊那市,29-4,35.827499,137.953888,0,
伊那市,30-1,35.843136,137.983521,0,
伊那市,30-2,35.827499,137.953888,0,
伊那市,30-3,35.827499,137.953888,0,
伊那市,31-1,35.854412,137.923355,0,
伊那市,31-2,35.854412,137.923355,0,
伊那市,32-1,35.827499,137.953888,0,
伊那市,32-2,35.827499,137.953888,0,
伊那市,33-1,35.827499,137.953888,0,
伊那市,33-2,35.827499,137.953888,0,
伊那市,33-3,35.827499,137.953888,0,
伊那市,33-4,35.827499,137.953888,0,
伊那市,33-5,35.827499,137.953888,0,
伊那市,33-6,35.827499,137.953888,0,
伊那市,34-1,35.827499,137.953888,0,
伊那市,34-2,35.827499,137.953888,0,
伊那市,34-3,35.827499,137.953888,0,
伊那市,35-1,35.827499,137.953888,0,
伊那市,35-2,35.827499,137.953888,0,
伊那市,36-1,35.854412,137.923355,0,
伊那市,36-2,35.854412,137.923355,0,
伊那市,36-3,35.827499,137.953888,0,
伊那市,36-4,35.827499,137.953888,0,
伊那市,36-5,35.827499,137.953888,0,
伊那市,36-6,35.827499,137.953888,0,
伊那市,37-1,35.825623,137.95459,0,
伊那市,37-2,35.825623,137.95459,0,
伊那市,37-3,35.825623,137.95459,0,
伊那市,38-1,35.827499,137.953888,0,
伊那市,38-2,35.827499,137.953888,0,
伊那市,39-1,35.827499,137.953888,0,
伊那市,39-2,35.827499,137.953888,0,
伊那市,39-3,35.827499,137.953888,0,
伊那市,40-1,35.856201,137.955032,0,
伊那市,40-2,35.856201,137.955032,0,
伊那市,40-3,35.856201,137.955032,0,
伊那市,41-1,35.856201,137.955032,0,
伊那市,41-2,35.856201,137.955032,0,
伊那市,41-3,35.856201,137.955032,0,
伊那市,41-4,35.856201,137.955032,0,
伊那市,41-5,35.856201,137.955032,0,
伊那市,42-1,35.856201,137.955032,0,
伊那市,42-2,35.856201,137.955032,0,
伊那市,42-3,35.856201,137.955032,0,
伊那市,42-4,35.856201,137.955032,0,
伊那市,42-5,35.856201,137.955032,0,
伊那市,43-1,35.827499,137.953888,0,
伊那市,43-2,35.827499,137.953888,0,
伊那市,43-3,35.827499,137.953888,0,
伊那市,43-4,35.827499,137.953888,0,
伊那市,43-5,35.827499,137.953888,0,
伊那市,44-1,35.827499,137.953888,0,
伊那市,44-2,35.827499,137.953888,0,
伊那市,44-3,35.827499,137.953888,0,
伊那市,45-1,35.827499,137.953888,0,
伊那市,45-2,35.827499,137.953888,0,
伊那市,45-3,35.858749,137.998184,0,
伊那市,46-1,35.827499,137.953888,0,
伊那市,46-2,35.825623,137.95459,0,
伊那市,46-3,35.825623,137.95459,0,
伊那市,47-1,35.857506,137.960999,0,
伊那市,47-2,35.857506,137.960999,0,
伊那市,47-3,35.857506,137.960999,0,
伊那市,47-4,35.857506,137.960999,0,
伊那市,47-5,35.857506,137.960999,0,
伊那市,47-6,35.857506,137.960999,0,
伊那市,47-7,35.857506,137.960999,0,
伊那市,48-1,35.849846,137.994766,0,
伊那市,48-2,35.851227,137.991272,0,
伊那市,48-3,35.853302,137.986588,0,
伊那市,48-4,35.853302,137.986588,0,
伊那市,48-5,35.853302,137.986588,0,
伊那市,48-6,35.853302,137.986588,0,
伊那市,48-7,35.853302,137.986588,0,
伊那市,49-1,35.835896,137.979691,0,
伊那市,49-2,35.843136,137.983521,0,
伊那市,49-3,35.843136,137.983521,0,
伊那市,49-4,35.843136,137.983521,0,
伊那市,49-5,35.843136,137.983521,0,
伊那市,49-6,35.843136,137.983521,0,
伊那市,49-7,35.843136,137.983521,0,
伊那市,50-1,35.827499,137.953888,0,
伊那市,50-2,35.827499,137.953888,0,
伊那市,50-3,35.827499,137.953888,0,
伊那市,50-4,35.827499,137.953888,0,
伊那市,50-5,35.827499,137.953888,0,
伊那市,50-6,35.827499,137.953888,0,
伊那市,50-7,35.81501,138.046951,0,
伊那市,51-1,35.827499,137.953888,0,
伊那市,51-2,35.827499,137.953888,0,
伊那市,51-3,35.827499,137.953888,0,
伊那市,52-1,35.827499,137.953888,0,
伊那市,52-2,35.827499,137.953888,0,
伊那市,53-1,35.827499,137.953888,0,
伊那市,53-2,35.858749,137.998184,0,
伊那市,53-3,35.827499,137.953888,0,
伊那市,54-1,35.854412,137.923355,0,
伊那市,54-2,35.827499,137.953888,0,
伊那市,54-3,35.827499,137.953888,0,
伊那市,55-1,35.827499,137.953888,0,
伊那市,55-2,35.827499,137.953888,0,
伊那市,55-3,35.827499,137.953888,0,
伊那市,56-1,35.827499,137.953888,0,
伊那市,56-2,35.842743,137.971191,0,
伊那市,57-1,35.827499,137.953888,0,
伊那市,57-2,35.827499,137.953888,0,
伊那市,57-3,35.827499,137.953888,0,
伊那市,58-1,35.857506,137.960999,0,
伊那市,58-2,35.857506,137.960999,0,
伊那市,58-3,35.827499,137.953888,0,
伊那市,58-4,35.827499,137.953888,0,
伊那市,60-1,35.827499,137.953888,0,
伊那市,60-2,35.827499,137.953888,0,
伊那市,60-3,35.827499,137.953888,0,
伊那市,61-1,35.827499,137.953888,0,
伊那市,61-2,35.827499,137.953888,0,
伊那市,61-3,35.843136,137.983521,0,
伊那市,62-1,35.843136,137.983521,0,
伊那市,62-2,35.856201,137.955032,0,
伊那市,62-3,35.856201,137.955032,0,
伊那市,63-1,35.827499,137.953888,0,
伊那市,63-2,35.827499,137.953888,0,
伊那市,63-3,35.827499,137.953888,0,
伊那市,64-1,35.827499,137.953888,0,
伊那市,64-2,35.827499,137.953888,0,
伊那市,64-3,35.827499,137.953888,0,
伊那市,65-1,35.827499,137.953888,0,
伊那市,65-2,35.827499,137.953888,0,
伊那市,66-1,35.827499,137.953888,0,
伊那市,66-2,35.827499,137.953888,0,
伊那市,66-3,35.827499,137.953888,0,
伊那市,67-1,35.827499,137.953888,0,
伊那市,67-2,35.827499,137.953888,0,
伊那市,67-3,35.827499,137.953888,0,
伊那市,68-1,35.854412,137.923355,0,
伊那市,68-2,35.854412,137.923355,0,
伊那市,69-1,35.827499,137.953888,0,
伊那市,69-2,35.827499,137.953888,0,
伊那市,69-3,35.827499,137.953888,0,
伊那市,70-1,35.827499,137.953888,0,
伊那市,70-2,35.827499,137.953888,0,
伊那市,70-3,35.827499,137.953888,0,
上田市,1,36.3953204,138.2593578,0,
上田市,2,36.3935564,138.2629941,0,
上田市,3,36.3921441,138.257705,0,
上田市,4,36.3950114,138.254108,0,
上田市,5,36.3961899,138.2565276,0,
上田市,6,36.398101,138.2597375,0,
上田市,7,36.3971463,138.2605351,0,
上田市,8,36.3946232,138.2666374,0,
上田市,9,36.3875819,138.2602195,0,
上田市,10,36.3893822,138.2587939,0,
上田市,11,36.3906619,138.2586341,0,
上田市,12,36.3909717,138.2601425,0,
上田市,13,36.3884477,138.2648711,0,
上田市,14,36.390077,138.2678263,0,
上田市,15,36.3826793,138.2717067,0,
上田市,16,36.4013403,138.2561419,0,
上田市,17,36.4007761,138.2580185,0,
上田市,18,36.3997901,138.2586272,0,
上田市,19,36.4006036,138.2617062,0,
上田市,20,36.3968025,138.2650165,0,
上田市,21,36.3994624,138.2623718,0,
上田市,22,36.4007761,138.2580185,0,
上田市,23,36.403408,138.2611114,0,
上田市,24,36.3963077,138.249568,0,
上田市,25,36.3974878,138.2496363,0,
上田市,26,36.3979639,138.2492487,0,
上田市,27,36.4017509,138.243396,0,
上田市,28,36.3963187,138.2478048,0,
上田市,29,36.3976737,138.2461711,0,
上田市,30,36.400542,138.2412189,0,
上田市,31,36.3999083,138.2561152,0,
上田市,32,36.3999842,138.2538134,0,
上田市,33,36.4007086,138.2544666,0,
上田市,34,36.4001399,138.2506414,0,
上田市,35,36.399452,138.2521731,0,
上田市,36,36.3987963,138.2545319,0,
上田市,37,36.3994138,138.2493499,0,
上田市,38,36.4018575,138.2490725,0,
上田市,39,36.4028342,138.2538028,0,
上田市,40,36.4030163,138.2489947,0,
上田市,41,36.4024813,138.2536608,0,
上田市,42,36.4068734,138.2606961,0,
上田市,43,36.4021666,138.2690932,0,
上田市,44,36.4030575,138.2582991,0,
上田市,45,36.4052014,138.2560274,0,
上田市,46,36.4058825,138.2559806,0,
上田市,47,36.4028074,138.2551892,0,
上田市,48,36.4098787,138.2548651,0,
上田市,49,36.4140406,138.2504717,0,
上田市,50,36.4151424,138.2534773,0,
上田市,51,36.4125308,138.2543121,0,
上田市,52,36.4154119,138.2524165,0,
上田市,53,36.4083902,138.2558029,0,
上田市,54,36.4156647,138.2512034,0,
上田市,55,36.4059077,138.2511722,0,
上田市,56,36.4055719,138.2523681,0,
上田市,57,36.40719,138.2522201,0,
上田市,58,36.4071419,138.2503848,0,
上田市,59,36.4087526,138.2507549,0,
上田市,60,36.4075906,138.2477655,0,
上田市,61,36.4053091,138.2482807,0,
上田市,62,36.4064782,138.2459639,0,
上田市,63,36.4111607,138.2492086,0,
上田市,64,36.4114352,138.2483921,0,
上田市,65,36.4121819,138.2469914,0,
上田市,66,36.412728,138.2483239,0,
上田市,67,36.413686,138.2467697,0,
上田市,68,36.4149813,138.2464084,0,
上田市,69,36.4143824,138.248414,0,
上田市,70,36.4145904,138.2499575,0,
上田市,71,36.4085538,138.2455929,0,
上田市,72,36.4074667,138.2438945,0,
上田市,73,36.407553,138.2428952,0,
上田市,74,36.4081836,138.2394245,0,
上田市,75,36.4102176,138.2380391,0,
上田市,76,36.4051343,138.2374643,0,
上田市,77,36.4050886,138.2446481,0,
上田市,78,36.4096693,138.2380706,0,
上田市,79,36.4106371,138.2412189,0,
上田市,80,36.4106371,138.2412189,0,
上田市,81,36.4106535,138.2433134,0,
上田市,82,36.413656,138.2443171,0,
上田市,83,36.4153969,138.243697,0,
上田市,84,36.4125168,138.2397471,0,
上田市,85,36.4131471,138.2388863,0,
上田市,86,36.408888,138.2264958,0,
上田市,87,36.4144521,138.2270324,0,
上田市,88,36.4141331,138.2321186,0,
上田市,89,36.4145994,138.2280995,0,
上田市,90,36.4152083,138.2279411,0,
上田市,91,36.4105314,138.2341848,0,
上田市,92,36.410734,138.2311693,0,
上田市,93,36.4180349,138.2177894,0,
上田市,94,36.4177983,138.2141869,0,
上田市,95,36.4183242,138.2114382,0,
上田市,96,36.4174319,138.2200905,0,
上田市,97,36.41599,138.2150992,0,
上田市,98,36.4157092,138.2116438,0,
上田市,99,36.4176704,138.2169653,0,
上田市,100,36.4202687,138.2020454,0,
上田市,101,36.4202687,138.2020454,0,
上田市,102,36.4202687,138.2020454,0,
上田市,103,36.4181236,138.2035533,0,
上田市,104,36.416068,138.2085832,0,
上田市,105,36.3697468,138.2919504,0,
上田市,106,36.3726072,138.2928715,0,
上田市,107,36.3690578,138.2955534,0,
上田市,108,36.3696213,138.2967143,0,
上田市,109,36.3692603,138.2988276,0,
上田市,110,36.3707217,138.2953058,0,
上田市,111,36.3742383,138.2935425,0,
上田市,112,36.3826695,138.2896493,0,
上田市,113,36.3813158,138.2888174,0,
上田市,114,36.383053,138.2880536,0,
上田市,115,36.3867456,138.2890015,0,
上田市,116,36.387513,138.2893402,0,
上田市,117,36.3845508,138.2866457,0,
上田市,118,36.3798368,138.2810519,0,
上田市,119,36.377991,138.2834963,0,
上田市,120,36.3787389,138.2844011,0,
上田市,121,36.3763315,138.2878169,0,
上田市,122,36.3779044,138.2870927,0,
上田市,123,36.3845508,138.2866457,0,
上田市,124,36.3782034,138.2878579,0,
上田市,125,36.3769619,138.2903162,0,
上田市,126,36.3720319,138.282288,0,
上田市,127,36.3724797,138.2806567,0,
上田市,128,36.3757454,138.2774854,0,
上田市,129,36.3826793,138.2717067,0,
上田市,130,36.3826793,138.2717067,0,
上田市,131,36.3809689,138.2677764,0,
上田市,132,36.3826793,138.2717067,0,
上田市,133,36.3788608,138.2775082,0,
上田市,134,36.3826793,138.2717067,0,
上田市,135,36.3826772,138.2727474,0,
上田市,136,36.3839804,138.2728282,0,
上田市,137,36.3826793,138.2717067,0,
上田市,138,36.38346,138.2536168,0,
上田市,139,36.3849077,138.2504633,0,
上田市,140,36.3895715,138.2423293,0,
上田市,141,36.3909385,138.243464,0,
上田市,142,36.3904982,138.2457344,0,
上田市,143,36.3897379,138.2490507,0,
上田市,144,36.3946439,138.2422953,0,
上田市,145,36.3895715,138.2423293,0,
上田市,146,36.3922893,138.2377592,0,
上田市,147,36.3908385,138.2389511,0,
上田市,148,36.3905659,138.2412955,0,
上田市,149,36.3857614,138.2364455,0,
上田市,150,36.3850214,138.2390612,0,
上田市,151,36.3895715,138.2423293,0,
上田市,152,36.3712508,138.2509125,0,
上田市,153,36.3895715,138.2423293,0,
上田市,154,36.3957001,138.2394209,0,
上田市,155,36.3947562,138.2373264,0,
上田市,156,36.3968021,138.2361603,0,
上田市,157,36.3950568,138.2343173,0,
上田市,158,36.3925406,138.2362008,0,
上田市,159,36.3931068,138.2356209,0,
上田市,160,36.3874952,138.2359891,0,
上田市,161,36.3959394,138.222394,0,
上田市,162,36.3994126,138.2315635,0,
上田市,163,36.3994879,138.2269142,0,
上田市,164,36.4452606,138.1904522,0,
上田市,165,36.3958338,138.2261951,0,
上田市,166,36.3938908,138.231051,0,
上田市,167,36.3994879,138.2269142,0,
上田市,168,36.4015849,138.2239021,0,
上田市,169,36.4015849,138.2239021,0,
上田市,170,36.4005114,138.2296045,0,
上田市,171,36.4014772,138.2275113,0,
上田市,172,36.4022915,138.2286758,0,
上田市,173,36.4014772,138.2275113,0,
上田市,174,36.4026164,138.2223535,0,
上田市,175,36.4023021,138.2132261,0,
上田市,176,36.4037435,138.2132349,0,
上田市,177,36.4037435,138.2132349,0,
上田市,178,36.4037435,138.2132349,0,
上田市,179,36.4014113,138.2204026,0,
上田市,180,36.4004041,138.2199988,0,
上田市,181,36.3989107,138.2204807,0,
上田市,182,36.3942006,138.2188027,0,
上田市,183,36.394949,138.2169921,0,
上田市,184,36.3952271,138.2141578,0,
上田市,185,36.3860276,138.2269142,0,
上田市,186,36.39729,138.2151261,0,
上田市,187,36.3913265,138.2297418,0,
上田市,188,36.3860276,138.2269142,0,
上田市,189,36.3898789,138.2228051,0,
上田市,190,36.3933435,138.224575,0,
上田市,191,36.3944072,138.2217513,0,
上田市,192,36.3916007,138.2161346,0,
上田市,193,36.3900595,138.2176939,0,
上田市,194,36.3811918,138.2182088,0,
上田市,195,36.3809069,138.2175353,0,
上田市,196,36.3811918,138.2182088,0,
上田市,197,36.3811918,138.2182088,0,
上田市,198,36.3835208,138.2164447,0,
上田市,199,36.3862521,138.2160469,0,
上田市,200,36.3863109,138.2128968,0,
上田市,201,36.3860276,138.2269142,0,
上田市,202,36.3860276,138.2269142,0,
上田市,203,36.3869517,138.2244604,0,
上田市,204,36.3863026,138.2230266,0,
上田市,205,36.3859746,138.2204537,0,
上田市,206,36.3865323,138.2200187,0,
上田市,207,36.3860276,138.2269142,0,
上田市,208,36.4048611,138.2040969,0,
上田市,209,36.4107621,138.1998857,0,
上田市,210,36.4100876,138.1976135,0,
上田市,211,36.383707,138.1870785,0,
上田市,212,36.4161031,138.1920984,0,
上田市,213,36.3935532,138.2058461,0,
上田市,214,36.394543,138.2042559,0,
上田市,215,36.3960731,138.205775,0,
上田市,216,36.395521,138.2080251,0,
上田市,217,36.3961758,138.2107384,0,
上田市,218,36.392774,138.2120192,0,
上田市,219,36.3915074,138.2109866,0,
上田市,220,36.388468,138.2056616,0,
上田市,221,36.3851534,138.2023075,0,
上田市,222,36.3869349,138.2050594,0,
上田市,223,36.3900714,138.2048173,0,
上田市,224,36.3879884,138.200916,0,
上田市,225,36.3861596,138.198316,0,
上田市,226,36.3913257,138.2071562,0,
上田市,227,36.432144,138.2954118,0,
上田市,228,36.4178076,138.2946479,0,
上田市,229,36.4135031,138.2913568,0,
上田市,230,36.4074415,138.2904391,0,
上田市,231,36.4037811,138.2753549,0,
上田市,232,36.4135193,138.2883705,0,
上田市,233,36.4106129,138.2934435,0,
上田市,234,36.4072731,138.2917431,0,
上田市,235,36.4051723,138.2961352,0,
上田市,236,36.4016413,138.2946532,0,
上田市,237,36.4012015,138.2910014,0,
上田市,238,36.400076,138.2830328,0,
上田市,239,36.3939305,138.2744968,0,
上田市,240,36.3935962,138.2885391,0,
上田市,241,36.3931142,138.2884807,0,
上田市,242,36.3939305,138.2744968,0,
上田市,243,36.3902966,138.2830467,0,
上田市,244,36.3897232,138.2785296,0,
上田市,245,36.393134,138.2741419,0,
上田市,246,36.3969039,138.2725062,0,
上田市,247,36.3989908,138.2752563,0,
上田市,248,36.3939305,138.2744968,0,
上田市,249,36.3939305,138.2744968,0,
上田市,250,36.406889,138.2650105,0,
上田市,251,36.4079571,138.2684789,0,
上田市,252,36.4100843,138.2735836,0,
上田市,253,36.4156647,138.2512034,0,
上田市,254,36.4128144,138.2683096,0,
上田市,255,36.4134115,138.2600192,0,
上田市,256,36.4134115,138.2600192,0,
上田市,257,36.4105975,138.2765243,0,
上田市,258,36.4160568,138.2766433,0,
上田市,259,36.4134115,138.2600192,0,
上田市,260,36.4226615,138.2857496,0,
上田市,261,36.4198687,138.2853976,0,
上田市,262,36.4105975,138.2765243,0,
上田市,263,36.409789,138.2787293,0,
上田市,264,36.407921,138.2835232,0,
上田市,265,36.4051019,138.2784079,0,
上田市,266,36.3857975,138.2987283,0,
上田市,267,36.3823497,138.197034,0,
上田市,268,36.3997649,138.3073907,0,
上田市,269,36.3857975,138.2987283,0,
上田市,270,36.4008277,138.3055251,0,
上田市,271,36.397764,138.3019293,0,
上田市,272,36.3939924,138.2930466,0,
上田市,273,36.392813,138.2928715,0,
上田市,274,36.3857975,138.2987283,0,
上田市,275,36.3857975,138.2987283,0,
上田市,276,36.3857975,138.2987283,0,
上田市,277,36.3857975,138.2987283,0,
上田市,278,36.3857975,138.2987283,0,
上田市,279,36.3861726,138.2944232,0,
上田市,280,36.3857975,138.2987283,0,
上田市,281,36.3839333,138.2926994,0,
上田市,282,36.4116735,138.3240111,0,
上田市,283,36.4025567,138.3159294,0,
上田市,284,36.4116735,138.3240111,0,
上田市,285,36.4116735,138.3240111,0,
上田市,286,36.4146894,138.3055602,0,
上田市,287,36.4116735,138.3240111,0,
上田市,288,36.4116735,138.3240111,0,
上田市,289,36.4116735,138.3240111,0,
上田市,290,36.3702161,138.2082615,0,
上田市,291,36.3589606,138.1981653,0,
上田市,292,36.3638479,138.193344,0,
上田市,293,36.3621399,138.1924707,0,
上田市,294,36.3632067,138.1993748,0,
上田市,295,36.3637786,138.1964704,0,
上田市,296,36.36714,138.1939003,0,
上田市,297,36.3669361,138.1943681,0,
上田市,298,36.3608659,138.2010159,0,
上田市,299,36.3587158,138.2043083,0,
上田市,300,36.3640764,138.2070182,0,
上田市,301,36.3640764,138.2070182,0,
上田市,302,36.363694,138.204726,0,
上田市,303,36.3640764,138.2070182,0,
上田市,304,36.3647778,138.209331,0,
上田市,305,36.3693276,138.2131276,0,
上田市,306,36.3702161,138.2082615,0,
上田市,307,36.3702161,138.2082615,0,
上田市,308,36.3736418,138.205775,0,
上田市,309,36.371752,138.2038276,0,
上田市,310,36.3726448,138.2006896,0,
上田市,311,36.3709686,138.1961818,0,
上田市,312,36.3732919,138.197073,0,
上田市,313,36.3730376,138.1952696,0,
上田市,314,36.3648766,138.1856543,0,
上田市,315,36.3651515,138.1843557,0,
上田市,316,36.362125,138.1804753,0,
上田市,317,36.3603126,138.177188,0,
上田市,318,36.3603126,138.177188,0,
上田市,319,36.3607068,138.1728374,0,
上田市,320,36.3638176,138.1768191,0,
上田市,321,36.3483429,138.2024181,0,
上田市,322,36.3477931,138.2040157,0,
上田市,323,36.3380854,138.2144783,0,
上田市,324,36.3380854,138.2144783,0,
上田市,325,36.3470585,138.220259,0,
上田市,326,36.3380854,138.2144783,0,
上田市,327,36.3365412,138.2217348,0,
上田市,328,36.334611,138.221102,0,
上田市,329,36.3692602,138.2244268,0,
上田市,330,36.3598945,138.2192588,0,
上田市,331,36.3602425,138.2182084,0,
上田市,332,36.3629184,138.217889,0,
上田市,333,36.3706599,138.2161022,0,
上田市,334,36.3602652,138.2171187,0,
上田市,335,36.3395833,138.2292143,0,
上田市,336,36.3465707,138.234377,0,
上田市,337,36.3465707,138.234377,0,
上田市,338,36.3465707,138.234377,0,
上田市,339,36.3450416,138.232251,0,
上田市,340,36.3450995,138.2283094,0,
上田市,341,36.3465707,138.234377,0,
上田市,342,36.3465707,138.234377,0,
上田市,343,36.3535883,138.2290657,0,
上田市,344,36.3555612,138.1972553,0,
上田市,345,36.350809,138.1913178,0,
上田市,346,36.3503996,138.1909823,0,
上田市,347,36.3482033,138.1860835,0,
上田市,348,36.3484654,138.1937552,0,
上田市,349,36.3431239,138.1954644,0,
上田市,350,36.3428689,138.1928585,0,
上田市,351,36.3443595,138.1878092,0,
上田市,352,36.3343303,138.184644,0,
上田市,353,36.346312,138.1812143,0,
上田市,354,36.3450099,138.1813998,0,
上田市,355,36.3393023,138.1784708,0,
上田市,356,36.3501773,138.172021,0,
上田市,357,36.3470928,138.1672482,0,
上田市,358,36.3470928,138.1672482,0,
上田市,359,36.3531645,138.1631037,0,
上田市,360,36.3563621,138.161095,0,
上田市,361,36.3525371,138.1588668,0,
上田市,362,36.3442648,138.1448904,0,
上田市,363,36.3505119,138.1580949,0,
上田市,364,36.3442648,138.1448904,0,
上田市,365,36.35253,138.1564757,0,
上田市,366,36.3498657,138.1538716,0,
上田市,367,36.3368977,138.1572962,0,
上田市,368,36.3700232,138.1618132,0,
上田市,369,36.3689684,138.1563322,0,
上田市,370,36.3739426,138.1586789,0,
上田市,371,36.3652746,138.1573102,0,
上田市,372,36.3775038,138.1610996,0,
上田市,373,36.3792124,138.158861,0,
上田市,374,36.3795835,138.1633085,0,
上田市,375,36.3751579,138.1626739,0,
上田市,376,36.3749514,138.1747029,0,
上田市,377,36.3765463,138.173187,0,
上田市,378,36.3800281,138.178916,0,
上田市,379,36.3790303,138.1729251,0,
上田市,380,36.3811025,138.1712461,0,
上田市,381,36.3851021,138.1722179,0,
上田市,382,36.3855015,138.1733234,0,
上田市,383,36.3904121,138.179208,0,
上田市,384,36.3976104,138.1647635,0,
上田市,385,36.3976104,138.1647635,0,
上田市,386,36.3976104,138.1647635,0,
上田市,387,36.3951362,138.1703907,0,
上田市,388,36.3982271,138.1644803,0,
上田市,389,36.3976104,138.1647635,0,
上田市,390,36.4117544,138.1349565,0,
上田市,391,36.4088614,138.1507069,0,
上田市,392,36.4084713,138.1468725,0,
上田市,393,36.4118122,138.1500998,0,
上田市,394,36.4117544,138.1349565,0,
上田市,395,36.4152915,138.1481114,0,
上田市,396,36.4181708,138.1458724,0,
上田市,397,36.3893721,138.1838194,0,
上田市,398,36.3924001,138.1909153,0,
上田市,399,36.383707,138.1870785,0,
上田市,400,36.383707,138.1870785,0,
上田市,401,36.3877254,138.1909525,0,
上田市,402,36.3844661,138.1882531,0,
上田市,403,36.3839079,138.1849158,0,
上田市,404,36.383707,138.1870785,0,
上田市,405,36.3002547,138.1348572,0,
上田市,406,36.2979911,138.1101299,0,
上田市,407,36.3027638,138.137831,0,
上田市,408,36.3071886,138.1473741,0,
上田市,409,36.3071886,138.1473741,0,
上田市,410,36.3071886,138.1473741,0,
上田市,411,36.2989088,138.1647635,0,
上田市,412,36.2989088,138.1647635,0,
上田市,413,36.3010502,138.1747411,0,
上田市,414,36.2989088,138.1647635,0,
上田市,415,36.300966,138.1888896,0,
上田市,416,36.2989088,138.1647635,0,
上田市,417,36.3041202,138.1986943,0,
上田市,418,36.3075972,138.2096532,0,
上田市,419,36.3121167,138.2245979,0,
上田市,420,36.3127148,138.2318621,0,
上田市,421,36.3142086,138.2408623,0,
上田市,422,36.4019126,138.249075,0,
上田市,423,36.3027949,138.2710162,0,
上田市,424,36.312969,138.2660146,0,
上田市,425,36.3125814,138.263673,0,
上田市,426,36.3126396,138.2573866,0,
上田市,427,36.3157062,138.2665232,0,
上田市,428,36.3219249,138.2766859,0,
上田市,429,36.3181516,138.2701702,0,
上田市,430,36.3198539,138.269243,0,
上田市,431,36.3186898,138.2728826,0,
上田市,432,36.3196387,138.2587985,0,
上田市,433,36.3225681,138.2621158,0,
上田市,434,36.3241666,138.2634414,0,
上田市,435,36.3238538,138.2703347,0,
上田市,436,36.3239186,138.2717848,0,
上田市,437,36.3219987,138.2720405,0,
上田市,438,36.3213134,138.2746922,0,
上田市,439,36.3219249,138.2766859,0,
上田市,440,36.3219249,138.2766859,0,
上田市,441,36.3292532,138.2705175,0,
上田市,442,36.3219249,138.2766859,0,
上田市,443,36.3219249,138.2766859,0,
上田市,444,36.3260748,138.275159,0,
上田市,445,36.3271142,138.2765497,0,
上田市,446,36.3329897,138.2676269,0,
上田市,447,36.3328989,138.2711368,0,
上田市,448,36.3318429,138.2719307,0,
上田市,449,36.330561,138.277639,0,
上田市,450,36.334335,138.2736224,0,
上田市,451,36.3363108,138.2742945,0,
上田市,452,36.3325628,138.2779307,0,
上田市,453,36.3399144,138.2736953,0,
上田市,454,36.339741,138.2769192,0,
上田市,455,36.3345547,138.2878908,0,
上田市,456,36.3331609,138.2572831,0,
上田市,457,36.4019126,138.249075,0,
上田市,458,36.3331609,138.2572831,0,
上田市,459,36.4019126,138.249075,0,
上田市,460,36.3331609,138.2572831,0,
上田市,461,36.345641,138.2599801,0,
上田市,462,36.3518614,138.2734601,0,
上田市,463,36.3514015,138.2684463,0,
上田市,464,36.3518614,138.2734601,0,
上田市,465,36.3518614,138.2734601,0,
上田市,466,36.3539465,138.2745598,0,
上田市,467,36.3518614,138.2734601,0,
上田市,468,36.3518614,138.2734601,0,
上田市,469,36.3518614,138.2734601,0,
上田市,470,36.3660653,138.2822178,0,
上田市,471,36.3579727,138.275795,0,
上田市,472,36.3627163,138.2717763,0,
上田市,473,36.3700393,138.2758064,0,
上田市,474,36.3449435,138.2789033,0,
上田市,475,36.3472282,138.2820767,0,
上田市,476,36.337384,138.2962101,0,
上田市,477,36.344369,138.2898618,0,
上田市,478,36.3411252,138.2884057,0,
上田市,479,36.3504639,138.2890475,0,
上田市,480,36.3494738,138.2811792,0,
上田市,481,36.3509133,138.2837606,0,
上田市,482,36.3505499,138.2843167,0,
上田市,483,36.3543068,138.2872605,0,
上田市,484,36.3502144,138.2819264,0,
上田市,485,36.3557808,138.290149,0,
上田市,486,36.3591308,138.2928534,0,
上田市,487,36.3618426,138.2919826,0,
上田市,488,36.3572892,138.3047932,0,
上田市,489,36.366098,138.2962481,0,
上田市,490,36.3631781,138.2952842,0,
上田市,491,36.3572892,138.3047932,0,
上田市,492,36.364588,138.2982349,0,
上田市,493,36.3572892,138.3047932,0,
上田市,494,36.3611928,138.2977803,0,
上田市,495,36.3598828,138.2967143,0,
上田市,496,36.3606755,138.3024013,0,
上田市,497,36.3572892,138.3047932,0,
上田市,498,36.3558231,138.315845,0,
上田市,499,36.3572892,138.3047932,0,
上田市,500,36.3541109,138.3073812,0,
上田市,501,36.3572892,138.3047932,0,
上田市,502,36.3498358,138.3109509,0,
上田市,503,36.3328256,138.2981123,0,
上田市,504,36.3280249,138.3015888,0,
上田市,505,36.522621,138.3461099,0,
上田市,506,36.5245832,138.323378,0,
上田市,507,36.5295825,138.3143417,0,
上田市,508,36.5398038,138.3050166,0,
上田市,509,36.5173537,138.3180029,0,
上田市,510,36.5173537,138.3180029,0,
上田市,511,36.5285668,138.3328468,0,
上田市,512,36.528987,138.3364929,0,
上田市,513,36.5173537,138.3180029,0,
上田市,514,36.5100614,138.3817633,0,
上田市,515,36.4801278,138.3688834,0,
上田市,516,36.4836975,138.3516801,0,
上田市,517,36.4801278,138.3688834,0,
上田市,518,36.4792756,138.348919,0,
上田市,519,36.4746122,138.3456114,0,
上田市,520,36.4801278,138.3688834,0,
上田市,521,36.454879,138.3358828,0,
上田市,522,36.4541513,138.3358434,0,
上田市,523,36.4507213,138.330459,0,
上田市,524,36.4485472,138.3273434,0,
上田市,525,36.4475952,138.3250013,0,
上田市,526,36.4478463,138.3236056,0,
上田市,527,36.4469568,138.3218522,0,
上田市,528,36.4393906,138.3183049,0,
上田市,529,36.4475592,138.314881,0,
上田市,530,36.4439486,138.3139904,0,
上田市,531,36.4435444,138.3080023,0,
上田市,532,36.4801278,138.3688834,0,
上田市,533,36.4801278,138.3688834,0,
上田市,534,36.4413205,138.3040281,0,
上田市,535,36.4801278,138.3688834,0,
上田市,536,36.4375729,138.2993319,0,
上田市,537,36.4333681,138.3539219,0,
上田市,538,36.4371918,138.3029111,0,
上田市,539,36.4353708,138.3015634,0,
上田市,540,36.4502766,138.2967604,0,
上田市,541,36.4513141,138.295055,0,
上田市,542,36.4525183,138.2941041,0,
上田市,543,36.4773607,138.299098,0,
上田市,544,36.4773607,138.299098,0,
上田市,545,36.4586087,138.2938372,0,
上田市,546,36.4549051,138.2908513,0,
上田市,547,36.4533677,138.2896032,0,
上田市,548,36.4576957,138.2830092,0,
上田市,549,36.4581719,138.2815983,0,
上田市,550,36.4773607,138.299098,0,
上田市,551,36.4595306,138.2796601,0,
上田市,552,36.4773607,138.299098,0,
上田市,553,36.4773607,138.299098,0,
上田市,554,36.4773607,138.299098,0,
上田市,555,36.4773607,138.299098,0,
上田市,556,36.4773607,138.299098,0,
上田市,557,36.4773607,138.299098,0,
上田市,558,36.4773607,138.299098,0,
上田市,559,36.471748,138.3017238,0,
上田市,560,36.4752434,138.3023519,0,
上田市,561,36.4773607,138.299098,0,
上田市,562,36.4709931,138.3106708,0,
上田市,563,36.4773607,138.299098,0,
上田市,564,36.4313545,138.307131,0,
上田市,565,36.4280965,138.3082797,0,
上田市,566,36.4285376,138.3060841,0,
上田市,567,36.4333681,138.3539219,0,
上田市,568,36.4306254,138.3054131,0,
上田市,569,36.4256985,138.3038445,0,
上田市,570,36.4257206,138.3078884,0,
上田市,571,36.4276318,138.3098925,0,
上田市,572,36.4341295,138.3090261,0,
上田市,573,36.4338883,138.3115237,0,
上田市,574,36.4333681,138.3539219,0,
上田市,575,36.4362271,138.315802,0,
上田市,576,36.4333681,138.3539219,0,
上田市,577,36.4333681,138.3539219,0,
上田市,578,36.4333681,138.3539219,0,
上田市,579,36.4320726,138.3230331,0,
上田市,580,36.4217582,138.2981077,0,
上田市,581,36.4217818,138.2995904,0,
上田市,582,36.4333681,138.3539219,0,
上田市,583,36.4333681,138.3539219,0,
上田市,584,36.4228673,138.3029826,0,
上田市,585,36.423198,138.305453,0,
上田市,586,36.4278818,138.2970924,0,
上田市,587,36.4333681,138.3539219,0,
上田市,588,36.4333681,138.3539219,0,
上田市,589,36.2973241,138.2414987,0,
上田市,590,36.2983568,138.2318893,0,
上田市,591,36.2983568,138.2318893,0,
上田市,592,36.2975274,138.2489629,0,
上田市,593,36.2992904,138.2507985,0,
上田市,594,36.2931396,138.2486232,0,
上田市,595,36.2933574,138.2517943,0,
上田市,596,36.2846449,138.2427919,0,
上田市,597,36.2829207,138.2392516,0,
上田市,598,36.2817476,138.2412285,0,
上田市,599,36.2869991,138.2368649,0,
上田市,600,36.2869991,138.2368649,0,
上田市,601,36.2830439,138.2323692,0,
上田市,602,36.2838867,138.2311985,0,
上田市,603,36.2869991,138.2368649,0,
上田市,604,36.2869991,138.2368649,0,
上田市,605,36.2832875,138.2303981,0,
上田市,606,36.2834591,138.2290077,0,
上田市,607,36.284198,138.2144783,0,
上田市,608,36.2821424,138.2280147,0,
上田市,609,36.2815666,138.229728,0,
上田市,610,36.2775766,138.2186333,0,
上田市,611,36.2450223,138.1647635,0,
上田市,612,36.2749675,138.2143882,0,
上田市,613,36.2450223,138.1647635,0,
上田市,614,36.2450223,138.1647635,0,
上田市,615,36.2526242,138.1299903,0,
上田市,616,36.2742011,138.1999319,0,
上田市,617,36.2526242,138.1299903,0,
上田市,618,36.2734568,138.1779779,0,
上田市,619,36.2711358,138.1749059,0,
上田市,620,36.2526242,138.1299903,0,
上田市,621,36.2727608,138.1685935,0,
上田市,622,36.2526242,138.1299903,0,
上田市,623,36.2686276,138.1515443,0,
上田市,624,36.2722018,138.1596921,0,
上田市,625,36.2771077,138.2348606,0,
上田市,626,36.276266,138.2300836,0,
上田市,627,36.2744592,138.222903,0,
上田市,628,36.2742047,138.2317797,0,
上田市,629,36.2675827,138.2283791,0,
上田市,630,36.2637253,138.2269822,0,
上田市,631,36.2652425,138.2287384,0,
上田市,632,36.2514501,138.2209509,0,
上田市,633,36.2514501,138.2209509,0,
松本市,1,36.2369167,137.9693291,0,
松本市,2,36.2352897,137.9713973,0,
松本市,3,36.2419538,137.9691598,0,
松本市,4,36.4430873,138.0684274,0,
松本市,5,36.23986,137.9749962,0,
松本市,6,36.2433882,137.9730946,0,
松本市,7,36.2380434,137.9719897,0,
松本市,8,36.2380434,137.9719897,0,
松本市,9,36.2337542,137.9655516,0,
松本市,10,36.231847,137.9689061,0,
松本市,11,36.2306673,137.9644264,0,
松本市,12,36.2299013,137.9657415,0,
松本市,13,36.2340502,137.9711568,0,
松本市,14,36.2300377,137.9746039,0,
松本市,15,36.2285165,137.9680623,0,
松本市,16,36.2301924,137.9674554,0,
松本市,17,36.2380434,137.9719897,0,
松本市,18,36.2277615,137.9565005,0,
松本市,19,36.2303988,137.9553476,0,
松本市,20,36.2350148,137.9566789,0,
松本市,21,36.2343892,137.9583271,0,
松本市,22,36.2373552,137.9553766,0,
松本市,23,36.2304219,137.9585452,0,
松本市,24,36.2415024,137.9536099,0,
松本市,25,36.2206348,137.9675825,0,
松本市,26,36.2186637,137.969919,0,
松本市,27,36.2218325,137.9624777,0,
松本市,28,36.2167902,137.9606721,0,
松本市,29,36.2233853,137.9612252,0,
松本市,30,36.2220542,137.9597143,0,
松本市,31,36.2272198,137.9640501,0,
松本市,32,36.2113338,137.9565927,0,
松本市,33,36.213557,137.9602037,0,
松本市,34,36.2156753,137.9492708,0,
松本市,35,36.208999,137.9514765,0,
松本市,36,36.2093358,137.9552327,0,
松本市,37,36.2137401,137.9457525,0,
松本市,38,36.2101222,137.9484162,0,
松本市,39,36.2169405,137.9577162,0,
松本市,40,36.2128557,137.9544485,0,
松本市,41,36.2077979,137.9588807,0,
松本市,42,36.2077979,137.9588807,0,
松本市,43,36.2077979,137.9588807,0,
松本市,44,36.2047276,137.9586179,0,
松本市,45,36.2029844,137.9569512,0,
松本市,46,36.2077979,137.9588807,0,
松本市,47,36.2071767,137.9691241,0,
松本市,48,36.2078207,137.9710494,0,
松本市,49,36.2128794,137.9729833,0,
松本市,50,36.2163348,137.9736325,0,
松本市,51,36.214776,137.9742247,0,
松本市,52,36.208926,137.9702835,0,
松本市,53,36.226706,137.9736325,0,
松本市,54,36.223219,137.9773285,0,
松本市,55,36.223219,137.9773285,0,
松本市,56,36.2257663,137.9827719,0,
松本市,57,36.2257627,137.971885,0,
松本市,58,36.2204763,137.975056,0,
松本市,59,36.2221908,137.9775138,0,
松本市,60,36.2309956,137.9795951,0,
松本市,61,36.2311777,137.982492,0,
松本市,62,36.2330915,137.9771682,0,
松本市,63,36.2334528,137.9818343,0,
松本市,64,36.2278748,137.9790225,0,
松本市,65,36.2317738,137.9653866,0,
松本市,66,36.2300317,137.9843105,0,
松本市,67,36.2366114,137.9846201,0,
松本市,68,36.2358123,137.9780911,0,
松本市,69,36.2385589,137.9852392,0,
松本市,70,36.2440747,137.9811779,0,
松本市,71,36.239317,137.9780429,0,
松本市,72,36.2385589,137.9852392,0,
松本市,73,36.2371172,137.9754979,0,
松本市,74,36.2337797,137.9858582,0,
松本市,75,36.2454528,137.9772514,0,
松本市,76,36.2454528,137.9772514,0,
松本市,77,36.2505649,137.9841558,0,
松本市,78,36.2417994,137.9784296,0,
松本市,79,36.2495319,137.9833819,0,
松本市,80,36.2470086,137.9819117,0,
松本市,81,36.2462382,137.9727784,0,
松本市,82,36.2553799,137.9807103,0,
松本市,83,36.2565181,137.9781201,0,
松本市,84,36.2509143,137.9758575,0,
松本市,85,36.2523831,137.973795,0,
松本市,86,36.2488925,137.9747447,0,
松本市,87,36.2513499,137.9682089,0,
松本市,88,36.2517892,137.9674434,0,
松本市,89,36.2533506,137.9638656,0,
松本市,90,36.2524171,137.9643267,0,
松本市,91,36.2464059,137.9665609,0,
松本市,92,36.250285,137.967366,0,
松本市,93,36.2439121,137.9676601,0,
松本市,94,36.246157,137.9686812,0,
松本市,95,36.2463015,137.9654321,0,
松本市,96,36.2372368,137.9609262,0,
松本市,97,36.2388219,137.9625181,0,
松本市,98,36.239929,137.9671353,0,
松本市,99,36.2348151,137.9683717,0,
松本市,100,36.2451406,137.9518613,0,
松本市,101,36.2431386,137.9565497,0,
松本市,102,36.2486636,137.9578654,0,
松本市,103,36.241051,137.9647242,0,
松本市,104,36.2498899,137.9357022,0,
松本市,105,36.2518136,137.9422707,0,
松本市,106,36.2560198,137.9398592,0,
松本市,107,36.2643896,137.9423749,0,
松本市,108,36.2576495,137.9439853,0,
松本市,109,36.2458851,137.9427772,0,
松本市,110,36.2434726,137.9419867,0,
松本市,111,36.27109,137.947174,0,
松本市,112,36.2436939,137.9489881,0,
松本市,113,36.2453086,137.9452665,0,
松本市,114,36.2685327,137.9426653,0,
松本市,115,36.2312702,137.9197984,0,
松本市,116,36.2358181,137.9259171,0,
松本市,117,36.2367647,137.9155263,0,
松本市,118,36.244277,137.9310288,0,
松本市,119,36.2524851,137.9259882,0,
松本市,120,36.248351,137.9308155,0,
松本市,121,36.2470616,137.9255221,0,
松本市,122,36.2421127,137.9351546,0,
松本市,123,36.2688893,137.9638849,0,
松本市,124,36.2829257,137.9519285,0,
松本市,125,36.2089548,137.9887284,0,
松本市,126,36.1948162,138.0023469,0,
松本市,127,36.1974348,138.0026861,0,
松本市,128,36.1942066,138.0030307,0,
松本市,129,36.1931177,138.0017636,0,
松本市,130,36.1866584,137.9972919,0,
松本市,131,36.1802376,137.9959349,0,
松本市,132,36.1865904,138.0052034,0,
松本市,133,36.1948162,138.0023469,0,
松本市,134,36.1772328,138.0054918,0,
松本市,135,36.1948162,138.0023469,0,
松本市,136,36.216595,137.937077,0,
松本市,137,36.2289109,137.9490297,0,
松本市,138,36.2248621,137.9419964,0,
松本市,139,36.2295495,137.9355154,0,
松本市,140,36.2380434,137.9719897,0,
松本市,141,36.2380434,137.9719897,0,
松本市,142,36.2236924,137.9430291,0,
松本市,143,36.2164967,137.9343201,0,
松本市,144,36.208025,137.9299607,0,
松本市,145,36.2217475,137.9147475,0,
松本市,146,36.2219951,137.9108071,0,
松本市,147,36.2193059,137.9023265,0,
松本市,148,36.2172179,137.8979563,0,
松本市,149,36.2162391,137.9062527,0,
松本市,150,36.2157768,137.9139077,0,
松本市,151,36.2156812,137.9186321,0,
松本市,152,36.2256843,137.921619,0,
松本市,153,36.2242913,137.914961,0,
松本市,154,36.1973399,137.906982,0,
松本市,155,36.1973399,137.906982,0,
松本市,156,36.1973399,137.906982,0,
松本市,157,36.1974655,137.9080657,0,
松本市,158,36.1915302,137.9071771,0,
松本市,159,36.2034028,137.9152894,0,
松本市,160,36.2091274,137.8943546,0,
松本市,161,36.1973399,137.906982,0,
松本市,162,36.2119067,137.9240402,0,
松本市,163,36.1876896,137.9143417,0,
松本市,164,36.1876896,137.9143417,0,
松本市,165,36.1873387,137.9163779,0,
松本市,166,36.1861261,137.9258663,0,
松本市,167,36.1905717,137.9329334,0,
松本市,168,36.200956,137.9265995,0,
松本市,169,36.1969463,137.9289907,0,
松本市,170,36.1910369,137.9254971,0,
松本市,171,36.1900046,137.9232394,0,
松本市,172,36.1831271,137.9398949,0,
松本市,173,36.1789853,137.9339521,0,
松本市,174,36.1789853,137.9339521,0,
松本市,175,36.177061,137.9288254,0,
松本市,176,36.1737206,137.9358236,0,
松本市,177,36.1983988,137.9412527,0,
松本市,178,36.1983988,137.9412527,0,
松本市,179,36.2334101,137.9667874,0,
松本市,180,36.1983988,137.9412527,0,
松本市,181,36.1983988,137.9412527,0,
松本市,182,36.2014548,137.9421913,0,
松本市,183,36.197748,137.940364,0,
松本市,184,36.197748,137.940364,0,
松本市,185,36.1983988,137.9412527,0,
松本市,186,36.1983988,137.9412527,0,
松本市,187,36.1983988,137.9412527,0,
松本市,188,36.1983988,137.9412527,0,
松本市,189,36.197748,137.940364,0,
松本市,190,36.1983988,137.9412527,0,
松本市,191,36.1934016,137.939404,0,
松本市,192,36.1764019,137.95616,0,
松本市,193,36.1752867,137.9585988,0,
松本市,194,36.1808525,137.9563744,0,
松本市,195,36.1763222,137.9539426,0,
松本市,196,36.1754904,137.9485833,0,
松本市,197,36.1738901,137.9603267,0,
松本市,198,36.1763736,137.9625543,0,
松本市,199,36.1844461,137.9664184,0,
松本市,200,36.1726066,137.9627246,0,
松本市,201,36.1988035,137.9680623,0,
松本市,202,36.1962405,137.9590931,0,
松本市,203,36.201379,137.9620671,0,
松本市,204,36.1993906,137.9526392,0,
松本市,205,36.1973134,137.9565034,0,
松本市,206,36.1950815,137.9642524,0,
松本市,207,36.1938309,137.9685929,0,
松本市,208,36.1912303,137.9678603,0,
松本市,209,36.189928,137.9646597,0,
松本市,210,36.1873722,137.95841,0,
松本市,211,36.1699958,137.9737873,0,
松本市,212,36.1699958,137.9737873,0,
松本市,213,36.1742202,137.9717943,0,
松本市,214,36.1699958,137.9737873,0,
松本市,215,36.1855838,137.9787391,0,
松本市,216,36.1855838,137.9787391,0,
松本市,217,36.1825148,137.9898825,0,
松本市,218,36.1866996,137.9737924,0,
松本市,219,36.1855838,137.9787391,0,
松本市,220,36.1823872,137.9754937,0,
松本市,221,36.2839172,137.983442,0,
松本市,222,36.2838417,137.9708536,0,
松本市,223,36.2736225,137.9775011,0,
松本市,224,36.2659958,137.9758345,0,
松本市,225,36.2653456,137.961031,0,
松本市,226,36.2688893,137.9638849,0,
松本市,227,36.2608388,137.9736562,0,
松本市,228,36.2680874,137.9787786,0,
松本市,229,34.6808467,133.9949134,0,
松本市,230,36.2380434,137.9719897,0,
松本市,231,36.2654212,137.9787801,0,
松本市,232,36.2091871,138.070431,0,
松本市,233,36.2091871,138.070431,0,
松本市,234,36.2091871,138.070431,0,
松本市,235,36.2091871,138.070431,0,
松本市,236,36.2292094,138.0254308,0,
松本市,237,36.2091871,138.070431,0,
松本市,238,36.2245205,138.0314711,0,
松本市,239,36.2229924,138.0371516,0,
松本市,240,36.2231947,138.0424621,0,
松本市,241,36.2091871,138.070431,0,
松本市,242,36.21907,138.0465759,0,
松本市,243,36.2181066,138.0487861,0,
松本市,244,36.2138834,138.0535421,0,
松本市,245,36.2102626,138.0558333,0,
松本市,246,36.2086662,138.05688,0,
松本市,247,36.203938,138.0617164,0,
松本市,248,36.2091871,138.070431,0,
松本市,249,36.2073264,138.0960597,0,
松本市,250,36.2098785,138.103556,0,
松本市,251,36.2428651,137.999303,0,
松本市,252,36.2283953,138.0016606,0,
松本市,253,36.2428651,137.999303,0,
松本市,254,36.2363457,138.0048985,0,
松本市,255,36.2428651,137.999303,0,
松本市,256,36.2350535,138.0037182,0,
松本市,257,36.2428651,137.999303,0,
松本市,258,36.2428651,137.999303,0,
松本市,259,36.2428651,137.999303,0,
松本市,260,36.2357741,137.9994233,0,
松本市,261,36.2357741,137.9994233,0,
松本市,262,36.2428651,137.999303,0,
松本市,263,36.2324552,137.9924685,0,
松本市,264,36.2287789,137.9916688,0,
松本市,265,36.2428651,137.999303,0,
松本市,266,36.2350831,138.0029717,0,
松本市,267,36.1556362,137.908642,0,
松本市,268,36.1556362,137.908642,0,
松本市,269,36.1532714,137.9043279,0,
松本市,270,36.1556362,137.908642,0,
松本市,271,36.1556362,137.908642,0,
松本市,272,36.1493566,137.9060271,0,
松本市,273,36.1556362,137.908642,0,
松本市,274,36.1724402,137.927031,0,
松本市,275,36.159967,137.9159448,0,
松本市,276,36.1527327,137.8925919,0,
松本市,277,36.1698569,137.985083,0,
松本市,278,36.1711426,137.9812653,0,
松本市,279,36.166698,137.9876236,0,
松本市,280,36.1586416,138.0258046,0,
松本市,281,36.1638111,137.9868752,0,
松本市,282,36.1644083,137.9822266,0,
松本市,283,36.1586416,138.0258046,0,
松本市,284,36.1697441,137.9930832,0,
松本市,285,36.1586416,138.0258046,0,
松本市,286,36.1754285,137.9782749,0,
松本市,287,36.1758379,137.9808046,0,
松本市,288,36.1747423,137.9820664,0,
松本市,289,36.1759291,137.9828384,0,
松本市,290,36.1766169,137.9798998,0,
松本市,291,36.1768754,137.9822986,0,
松本市,292,36.28067,137.9856555,0,
松本市,293,36.2674858,137.9823984,0,
松本市,294,36.2380434,137.9719897,0,
松本市,295,36.2657687,137.9901778,0,
松本市,296,36.2625341,137.9931562,0,
松本市,297,36.2631776,137.9875134,0,
松本市,298,36.2637684,137.9859692,0,
松本市,299,36.2585805,137.9863008,0,
松本市,300,36.2598144,137.9850865,0,
松本市,301,36.2853323,138.0102038,0,
松本市,302,36.2829315,138.0107991,0,
松本市,303,36.2803446,138.0113823,0,
松本市,304,36.2787083,138.013691,0,
松本市,305,36.2705969,138.0357184,0,
松本市,306,36.2726245,138.0261272,0,
松本市,307,36.2494286,137.9870101,0,
松本市,308,36.2526332,137.9886442,0,
松本市,309,36.2538401,137.9866343,0,
松本市,310,36.2534151,137.9890809,0,
松本市,311,36.2524781,137.9896853,0,
松本市,312,36.2480214,137.9901368,0,
松本市,313,36.2883323,137.9895118,0,
松本市,314,36.2897875,137.9930265,0,
松本市,315,36.2908416,137.9983359,0,
松本市,316,36.2905513,138.0013543,0,
松本市,317,36.256832,137.9860789,0,
松本市,318,36.2530418,137.9830724,0,
松本市,319,36.2534352,137.982787,0,
松本市,320,36.2516373,137.9839818,0,
松本市,321,36.2447241,137.9921118,0,
松本市,322,36.2444452,137.989884,0,
松本市,323,36.2430758,137.9898825,0,
松本市,324,36.2413571,137.989197,0,
松本市,325,36.2430758,137.9898825,0,
松本市,326,36.2337128,137.9827394,0,
松本市,327,36.3559642,138.0357765,0,
松本市,328,36.3559642,138.0357765,0,
松本市,329,36.3559642,138.0357765,0,
松本市,330,36.203866,137.9462509,0,
松本市,331,36.3559642,138.0357765,0,
松本市,332,36.3559642,138.0357765,0,
松本市,333,36.2087751,137.9777333,0,
松本市,334,36.2096688,137.9799772,0,
松本市,335,36.2059048,137.982399,0,
松本市,336,36.2073778,137.98033,0,
松本市,337,36.2073778,137.98033,0,
松本市,338,36.2046517,137.9808924,0,
松本市,339,36.2046517,137.9808924,0,
松本市,340,36.2188031,137.9561406,0,
松本市,341,36.2380434,137.9719897,0,
松本市,342,36.2380434,137.9719897,0,
松本市,343,36.2337128,137.9827394,0,
松本市,344,36.2199968,137.9476525,0,
松本市,345,36.2216945,137.9578099,0,
松本市,346,36.1929313,137.9703831,0,
松本市,347,36.1903785,137.9712535,0,
松本市,348,36.1937612,137.9822265,0,
松本市,349,36.1916778,137.9730136,0,
松本市,350,36.198437,137.9729382,0,
松本市,351,36.1892133,137.9734778,0,
松本市,352,36.191959,137.9759537,0,
松本市,353,36.2050593,137.9672887,0,
松本市,354,36.2066821,137.9668245,0,
松本市,355,36.2072719,137.9636571,0,
松本市,356,36.2079018,137.9673618,0,
松本市,357,36.2093363,137.9641944,0,
松本市,358,36.2098893,137.9625562,0,
松本市,359,36.2114092,137.9643297,0,
松本市,360,36.2123965,137.9689901,0,
松本市,361,36.2131303,137.9682944,0,
松本市,362,36.2197639,137.9858582,0,
松本市,363,36.2258733,137.9883347,0,
松本市,364,36.2216352,137.980751,0,
松本市,365,36.2231885,137.9892634,0,
松本市,366,36.2380434,137.9719897,0,
松本市,367,36.2380434,137.9719897,0,
松本市,368,36.2212082,137.9825307,0,
松本市,369,36.247895,137.9457139,0,
松本市,370,36.247895,137.9457139,0,
松本市,371,36.2310354,137.9440724,0,
松本市,372,36.2310354,137.9440724,0,
松本市,373,36.2310354,137.9440724,0,
松本市,374,36.2310354,137.9440724,0,
松本市,375,36.2310354,137.9440724,0,
松本市,376,36.1766098,137.9905016,0,
松本市,377,36.1766098,137.9905016,0,
松本市,378,36.176675,137.9891098,0,
松本市,379,36.1741232,137.9902017,0,
松本市,380,36.1766098,137.9905016,0,
松本市,381,36.1766098,137.9905016,0,
松本市,382,36.2054598,137.9470242,0,
松本市,383,36.2033157,137.9534724,0,
松本市,384,36.2052033,137.9494022,0,
松本市,385,36.2019249,137.9525343,0,
松本市,386,36.2082008,137.9436218,0,
松本市,387,36.2380434,137.9719897,0,
松本市,388,36.3377121,137.9965754,0,
松本市,389,36.340352,137.9906468,0,
松本市,390,36.3433301,137.9863263,0,
松本市,391,36.3351608,137.9900021,0,
松本市,392,36.3587082,137.9947919,0,
松本市,393,36.3524413,137.9902233,0,
松本市,394,36.3513316,137.9962891,0,
松本市,395,36.3490932,137.9918044,0,
松本市,396,36.3273107,137.9896763,0,
松本市,397,36.3265383,137.9932061,0,
松本市,398,36.3169695,137.9899635,0,
松本市,399,36.3181782,137.9958266,0,
松本市,400,36.3161445,137.9995558,0,
松本市,401,36.3161427,138.0143708,0,
松本市,402,36.3146587,138.021581,0,
松本市,403,36.3127997,138.0310537,0,
松本市,404,36.3038446,138.0035053,0,
松本市,405,36.3503981,137.9977277,0,
松本市,406,36.3531809,138.0138827,0,
松本市,407,36.3622129,138.0265906,0,
松本市,408,36.3570122,138.0363569,0,
松本市,409,36.3536389,138.0307613,0,
松本市,410,36.3445249,138.0293226,0,
松本市,411,36.3515828,138.0157005,0,
松本市,412,36.3536389,138.0307613,0,
松本市,413,36.3439917,137.9968458,0,
松本市,414,36.354112,137.9820022,0,
松本市,415,36.3522975,137.9754711,0,
松本市,416,36.3509035,137.9711627,0,
松本市,417,36.3466332,137.9654861,0,
松本市,418,36.342889,137.9600093,0,
松本市,419,36.3436879,137.9582296,0,
松本市,420,36.3415779,137.9620885,0,
松本市,421,36.3339419,137.9587452,0,
松本市,422,36.1848147,137.8030895,0,
松本市,423,36.2140762,137.6455169,0,
松本市,424,36.2140762,137.6455169,0,
松本市,425,36.1825806,137.797199,0,
松本市,426,36.2140762,137.6455169,0,
松本市,427,36.1839906,137.7857643,0,
松本市,428,36.1835121,137.7855911,0,
松本市,429,36.1809782,137.7845868,0,
松本市,430,36.1802765,137.7839688,0,
松本市,431,36.2140762,137.6455169,0,
松本市,432,36.1619704,137.76198,0,
松本市,433,36.1612213,137.7619516,0,
松本市,434,36.1605704,137.7608421,0,
松本市,435,36.1566825,137.7552739,0,
松本市,436,36.1334568,137.6620642,0,
松本市,437,36.1314181,137.6647008,0,
松本市,438,36.1303209,137.6616352,0,
松本市,439,36.126319,137.655782,0,
松本市,440,36.124585,137.6529376,0,
松本市,441,36.1255987,137.6477754,0,
松本市,442,36.1247805,137.6483979,0,
松本市,443,36.123531,137.6431737,0,
松本市,444,36.1233999,137.6330918,0,
松本市,445,36.1229516,137.6247437,0,
松本市,446,36.1239854,137.6192499,0,
松本市,447,36.1221522,137.6235359,0,
松本市,448,36.1695011,137.648632,0,
松本市,449,36.1637958,137.6537762,0,
松本市,450,36.163688,137.6541786,0,
松本市,451,36.1679544,137.6511638,0,
松本市,452,36.153575,137.6284217,0,
松本市,453,36.1637982,137.6596063,0,
松本市,454,36.0421481,137.6478256,0,
松本市,455,36.0615172,137.6652051,0,
松本市,456,36.049997,137.6808918,0,
松本市,457,36.0615172,137.6652051,0,
松本市,458,36.0490385,137.7093686,0,
松本市,459,36.0588754,137.688639,0,
松本市,460,36.0677019,137.6854768,0,
松本市,461,36.0733699,137.6846678,0,
松本市,462,36.0853115,137.6657699,0,
松本市,463,36.0615172,137.6652051,0,
松本市,464,36.0875,137.6803372,0,
松本市,465,36.0615172,137.6652051,0,
松本市,466,36.0615172,137.6652051,0,
松本市,467,36.0615172,137.6652051,0,
松本市,468,36.0615172,137.6652051,0,
松本市,469,36.1293157,137.7193442,0,
松本市,470,36.1924975,137.8207468,0,
松本市,471,36.1982408,137.8276871,0,
松本市,472,36.1997766,137.8306015,0,
松本市,473,36.2084887,137.8081645,0,
松本市,474,36.2119062,137.8384491,0,
松本市,475,36.210747,137.8402598,0,
松本市,476,36.2072206,137.8361922,0,
松本市,477,36.2121712,137.8504033,0,
松本市,478,36.2114656,137.8578191,0,
松本市,479,36.221768,137.8628389,0,
松本市,480,36.2184918,137.8711632,0,
松本市,481,36.2238672,137.8677713,0,
松本市,482,36.2258051,137.8677434,0,
松本市,483,36.2277666,137.8723147,0,
松本市,484,36.2307669,137.8761591,0,
松本市,485,36.21995,137.8582778,0,
松本市,486,36.21995,137.8582778,0,
松本市,487,36.21995,137.8582778,0,
松本市,488,36.2404361,137.8353381,0,
松本市,489,36.2385746,137.8407145,0,
松本市,490,36.2309581,137.8466564,0,
松本市,491,36.2292674,137.8464788,0,
松本市,492,36.2228859,137.8482527,0,
松本市,493,36.2154149,137.8467785,0,
松本市,494,36.21995,137.8582778,0,
松本市,495,36.2440161,137.8955682,0,
松本市,496,36.2440161,137.8955682,0,
松本市,497,36.2440161,137.8955682,0,
松本市,498,36.2440161,137.8955682,0,
松本市,499,36.2440161,137.8955682,0,
松本市,500,36.2440161,137.8955682,0,
松本市,501,36.2440161,137.8955682,0,
松本市,502,36.2440161,137.8955682,0,
松本市,503,36.2440161,137.8955682,0,
松本市,504,36.2428651,137.999303,0,
松本市,505,36.2428651,137.999303,0,
松本市,506,36.2428651,137.999303,0,
松本市,507,36.2428651,137.999303,0,
松本市,508,36.2428651,137.999303,0,
松本市,509,36.2458493,137.9986813,0,
松本市,510,36.2428651,137.999303,0,
松本市,511,36.2129065,137.8910468,0,
松本市,512,36.1993091,137.8603976,0,
松本市,513,36.1993091,137.8603976,0,
松本市,514,36.1993091,137.8603976,0,
松本市,515,36.1993091,137.8603976,0,
松本市,516,36.1993091,137.8603976,0,
松本市,517,36.2011245,137.8552984,0,
松本市,518,36.1993091,137.8603976,0,
松本市,519,36.2247763,137.9853879,0,
松本市,520,36.1993091,137.8603976,0,
松本市,521,36.2105236,137.8747341,0,
松本市,522,36.1993091,137.8603976,0,
松本市,523,36.1993091,137.8603976,0,
松本市,524,36.1993091,137.8603976,0,
松本市,525,36.1993091,137.8603976,0,
松本市,526,36.1993237,137.8562819,0,
松本市,527,36.1993091,137.8603976,0,
松本市,528,36.1993091,137.8603976,0,
松本市,529,36.1993091,137.8603976,0,
松本市,530,36.1993091,137.8603976,0,
松本市,531,36.1993091,137.8603976,0,
松本市,532,36.1993091,137.8603976,0,
松本市,533,36.1993091,137.8603976,0,
松本市,534,36.1993091,137.8603976,0,
松本市,535,36.1993091,137.8603976,0,
松本市,536,36.1993091,137.8603976,0,
松本市,537,36.1993091,137.8603976,0,
松本市,538,36.1993091,137.8603976,0,
松本市,539,36.1993091,137.8603976,0,
松本市,540,36.1747194,137.8483589,0,
松本市,541,36.1993091,137.8603976,0,
松本市,542,36.1993091,137.8603976,0,
松本市,543,36.1993091,137.8603976,0,
松本市,544,36.2011245,137.8552984,0,
松本市,545,36.1978789,137.862921,0,
松本市,546,36.2061806,137.8769036,0,
松本市,547,36.1978789,137.862921,0,
松本市,548,36.1978789,137.862921,0,
松本市,549,36.1993091,137.8603976,0,
松本市,550,36.1987987,137.8461451,0,
松本市,551,36.1987337,137.8493637,0,
松本市,552,36.1993091,137.8603976,0,
松本市,553,36.1993091,137.8603976,0,
松本市,554,36.1917682,137.8290273,0,
松本市,555,36.1993091,137.8603976,0,
松本市,556,36.1993091,137.8603976,0,
松本市,557,36.1993091,137.8603976,0,
長野市,1,36.66145811,138.1639897,0,
長野市,2,36.66522361,138.1636634,0,
長野市,3,36.65737251,138.1717738,0,
長野市,4,36.66253336,138.1764179,0,
長野市,5,36.65712777,138.1760454,0,
長野市,6,36.65838148,138.1742821,0,
長野市,7,36.66444635,138.1283003,0,
長野市,8,36.65799692,138.1802865,0,
長野市,9,36.66340599,138.1821094,0,
長野市,10,36.66670305,138.1875398,0,
長野市,11,36.6630805,138.1876152,0,
長野市,12,36.65997359,138.1890063,0,
長野市,13,36.66192389,138.1898232,0,
長野市,14,36.6685796,138.1939672,0,
長野市,15,36.66403986,138.1927786,0,
長野市,16,36.6562508,138.1873775,0,
長野市,17,36.67749043,138.198901,0,
長野市,18,36.6704684,138.1978606,0,
長野市,19,36.67580871,138.2028628,0,
長野市,20,36.67809263,138.2016963,0,
長野市,21,36.6720912,138.2015435,0,
長野市,22,36.67153048,138.2041656,0,
長野市,23,36.67502371,138.2134831,0,
長野市,24,36.65340871,138.190885,0,
長野市,25,36.6503068,138.1913642,0,
長野市,26,36.64879553,138.195255,0,
長野市,27,36.64949358,138.1941601,0,
長野市,28,36.64608892,138.1957696,0,
長野市,29,36.64977458,138.2009854,0,
長野市,30,36.64809384,138.1988573,0,
長野市,31,36.64578397,138.1917884,0,
長野市,32,36.64587769,138.1893472,0,
長野市,33,36.65443223,138.1819726,0,
長野市,34,36.65028229,138.1817979,0,
長野市,35,36.6546279,138.1844494,0,
長野市,36,36.64893316,138.1864701,0,
長野市,37,36.65186028,138.1859605,0,
長野市,38,36.65250923,138.1827511,0,
長野市,39,36.65527208,138.1817609,0,
長野市,40,36.64654125,138.1801299,0,
長野市,41,36.64712152,138.183579,0,
長野市,42,36.64257538,138.1842346,0,
長野市,43,36.64433589,138.182606,0,
長野市,44,36.64116727,138.1838036,0,
長野市,45,36.636652,138.1799717,0,
長野市,46,36.63724411,138.1863053,0,
長野市,47,36.63385919,138.1876032,0,
長野市,48,36.63332042,138.1839306,0,
長野市,49,36.6311976,138.1812277,0,
長野市,50,36.62824718,138.1894411,0,
長野市,51,36.62836531,138.1908083,0,
長野市,52,36.62913047,138.1957738,0,
長野市,53,36.63691963,138.1895042,0,
長野市,54,36.63179766,138.1940636,0,
長野市,55,36.63730432,138.1944415,0,
長野市,56,36.63373715,138.1996164,0,
長野市,57,36.63203683,138.1923261,0,
長野市,58,36.6339692,138.2020372,0,
長野市,59,36.63249375,138.200385,0,
長野市,60,36.62725883,138.2059748,0,
長野市,61,36.6295651,138.2072111,0,
長野市,62,36.63130807,138.2098242,0,
長野市,63,36.62886584,138.2127424,0,
長野市,64,36.62332013,138.2107918,0,
長野市,65,36.62262942,138.2015995,0,
長野市,66,36.62579873,138.2127551,0,
長野市,67,36.62999993,138.2121312,0,
長野市,68,36.64329503,138.1902253,0,
長野市,69,36.63821323,138.2109914,0,
長野市,70,36.64090491,138.1992022,0,
長野市,71,36.63722562,138.2088566,0,
長野市,72,36.64223683,138.2072171,0,
長野市,73,36.6387624,138.2055118,0,
長野市,74,36.63788723,138.2029399,0,
長野市,75,36.6432526,138.1927155,0,
長野市,76,36.64355405,138.2032471,0,
長野市,77,36.64891961,138.2075848,0,
長野市,78,36.65084372,138.2062777,0,
長野市,79,36.64542185,138.2076892,0,
長野市,80,36.65403595,138.207298,0,
長野市,81,36.64689485,138.2066438,0,
長野市,82,36.64787348,138.2086958,0,
長野市,83,36.65782362,138.216589,0,
長野市,84,36.65231241,138.2114605,0,
長野市,85,36.650122,138.2114209,0,
長野市,86,36.65036435,138.2169022,0,
長野市,87,36.64903571,138.2189149,0,
長野市,88,36.6475,138.2189099,0,
長野市,89,36.65600668,138.2253234,0,
長野市,90,36.6558993,138.2186582,0,
長野市,91,36.64199272,138.2214491,0,
長野市,92,36.64847571,138.2246464,0,
長野市,93,36.64735331,138.2297603,0,
長野市,94,36.64565656,138.2247206,0,
長野市,95,36.65054552,138.2306752,0,
長野市,96,36.64444426,138.2283001,0,
長野市,97,36.63871173,138.2181064,0,
長野市,98,36.64273797,138.2278169,0,
長野市,99,36.65971348,138.1948804,0,
長野市,100,36.65596776,138.1988702,0,
長野市,101,36.65745711,138.1986813,0,
長野市,102,36.65198867,138.1989147,0,
長野市,103,36.65363646,138.2024424,0,
長野市,104,36.65886818,138.2000319,0,
長野市,105,36.65755004,138.201678,0,
長野市,106,36.65779232,138.192575,0,
長野市,107,36.66046342,138.2033874,0,
長野市,108,36.66235731,138.2027338,0,
長野市,109,36.66385055,138.1965246,0,
長野市,110,36.65458069,138.2038998,0,
長野市,111,36.6656785,138.1964201,0,
長野市,112,36.66683804,138.2015703,0,
長野市,113,36.66276416,138.2066138,0,
長野市,114,36.66830825,138.2041728,0,
長野市,115,36.66250524,138.2128881,0,
長野市,116,36.66470973,138.2230597,0,
長野市,117,36.6616236,138.2201938,0,
長野市,118,36.66353928,138.2095909,0,
長野市,119,36.66353066,138.2174973,0,
長野市,120,36.66239033,138.2242905,0,
長野市,121,36.66770639,138.2145198,0,
長野市,122,36.66881454,138.2256629,0,
長野市,123,36.66910551,138.2215092,0,
長野市,124,36.67141859,138.2191912,0,
長野市,125,36.65935801,138.2300638,0,
長野市,126,36.66588037,138.2324405,0,
長野市,127,36.66452487,138.2304996,0,
長野市,128,36.67290571,138.2115974,0,
長野市,129,36.67176736,138.2118897,0,
長野市,130,36.66971203,138.2147783,0,
長野市,131,36.6675317,138.2179729,0,
長野市,132,36.66926338,138.2381172,0,
長野市,133,36.67579424,138.2467888,0,
長野市,134,36.67886292,138.2493494,0,
長野市,135,36.68278714,138.252443,0,
長野市,136,36.68000819,138.2413156,0,
長野市,137,36.68310908,138.2571309,0,
長野市,138,36.6861956,138.2513013,0,
長野市,139,36.67642348,138.258517,0,
長野市,140,36.67075247,138.2515054,0,
長野市,141,36.66044497,138.250949,0,
長野市,142,36.65665486,138.2513837,0,
長野市,143,36.66199445,138.2572526,0,
長野市,144,36.65731688,138.2555186,0,
長野市,145,36.65802593,138.2616982,0,
長野市,146,36.66145708,138.2656223,0,
長野市,147,36.66522378,138.2588675,0,
長野市,148,36.66323231,138.2586474,0,
長野市,149,36.68160601,138.2050637,0,
長野市,150,36.68463746,138.2015863,0,
長野市,151,36.6872968,138.2014827,0,
長野市,152,36.68499544,138.1951303,0,
長野市,153,36.68771357,138.2079724,0,
長野市,154,36.68744201,138.2130473,0,
長野市,155,36.6836607,138.2069101,0,
長野市,156,36.68160562,138.2116148,0,
長野市,157,36.68768718,138.1811484,0,
長野市,158,36.70683187,138.1892352,0,
長野市,159,36.69914251,138.195001,0,
長野市,160,36.70299932,138.2028183,0,
長野市,161,36.68061052,138.2069646,0,
長野市,162,36.70264456,138.1725108,0,
長野市,163,36.70261029,138.1637459,0,
長野市,164,36.70455434,138.1847255,0,
長野市,165,36.69203287,138.1599591,0,
長野市,166,36.7029149,138.175257,0,
長野市,167,36.70341417,138.1666676,0,
長野市,168,36.62765279,138.2155725,0,
長野市,169,36.63282803,138.2269003,0,
長野市,170,36.63351527,138.2282021,0,
長野市,171,36.6323689,138.2321351,0,
長野市,172,36.62780412,138.2392505,0,
長野市,173,36.63153113,138.2251553,0,
長野市,174,36.63398509,138.2213741,0,
長野市,175,36.63779338,138.2288594,0,
長野市,176,36.63065825,138.2298292,0,
長野市,177,36.62496734,138.2269758,0,
長野市,178,36.64897083,138.2509603,0,
長野市,179,36.65196927,138.2421861,0,
長野市,180,36.65508176,138.2356899,0,
長野市,181,36.65172488,138.2316738,0,
長野市,182,36.6540288,138.241221,0,
長野市,183,36.65221989,138.2382759,0,
長野市,184,36.65570844,138.2453182,0,
長野市,185,36.6419871,138.247585,0,
長野市,186,36.64384606,138.2469569,0,
長野市,187,36.6584064,138.2357913,0,
長野市,188,36.66007632,138.2419346,0,
長野市,189,36.66102602,138.2456994,0,
長野市,190,36.66292695,138.2445134,0,
長野市,191,36.66327389,138.2399468,0,
長野市,192,36.66807446,138.2430327,0,
長野市,193,36.66712262,138.2445569,0,
長野市,194,36.66201161,138.2380138,0,
長野市,195,36.68516399,138.2221313,0,
長野市,196,36.68981827,138.2316242,0,
長野市,197,36.68588926,138.2297785,0,
長野市,198,36.68364742,138.2207166,0,
長野市,199,36.67785966,138.2159149,0,
長野市,200,36.6788134,138.2135501,0,
長野市,201,36.68047262,138.2163213,0,
長野市,202,36.69365467,138.2292345,0,
長野市,203,36.68766151,138.2276176,0,
長野市,204,36.67416812,138.2207802,0,
長野市,205,36.67530676,138.227896,0,
長野市,206,36.68005758,138.2234395,0,
長野市,207,36.67829565,138.22758,0,
長野市,208,36.68337809,138.2365022,0,
長野市,209,36.6844904,138.2373695,0,
長野市,210,36.68029315,138.2389016,0,
長野市,211,36.68181986,138.2359484,0,
長野市,212,36.70519267,138.2435305,0,
長野市,213,36.70880731,138.2452097,0,
長野市,214,36.70188306,138.2387181,0,
長野市,215,36.7137747,138.2492799,0,
長野市,216,36.70037248,138.2349274,0,
長野市,217,36.69948899,138.232333,0,
長野市,218,36.69656594,138.2323137,0,
長野市,219,36.67560976,138.2679758,0,
長野市,220,36.67809824,138.2717027,0,
長野市,221,36.68722749,138.2744183,0,
長野市,222,36.69623193,138.2757287,0,
長野市,223,36.69974832,138.2757455,0,
長野市,224,36.70609859,138.2769215,0,
長野市,225,36.68984326,138.2754706,0,
長野市,226,36.69908616,138.279323,0,
長野市,227,36.64477716,138.1747617,0,
長野市,228,36.63453729,138.1685258,0,
長野市,229,36.63691857,138.1731368,0,
長野市,230,36.64390093,138.1725259,0,
長野市,231,36.64099509,138.1714075,0,
長野市,232,36.63879515,138.1721873,0,
長野市,233,36.63186568,138.1618739,0,
長野市,234,36.63971482,138.1718633,0,
長野市,235,36.6397036,138.1741311,0,
長野市,236,36.63535256,138.1781028,0,
長野市,237,36.63301659,138.1757396,0,
長野市,238,36.6331905,138.172763,0,
長野市,239,36.62853364,138.1721397,0,
長野市,240,36.6313317,138.1688644,0,
長野市,241,36.6299668,138.1657347,0,
長野市,242,36.62740529,138.1611993,0,
長野市,243,36.63226071,138.1674432,0,
長野市,244,36.62911389,138.1569871,0,
長野市,245,36.62481001,138.1437902,0,
長野市,246,36.62271585,138.1428848,0,
長野市,247,36.62557774,138.1385047,0,
長野市,248,36.62406197,138.1355954,0,
長野市,249,36.62445067,138.1349802,0,
長野市,250,36.62686375,138.1494204,0,
長野市,251,36.62373912,138.1416691,0,
長野市,252,36.67169774,138.1575478,0,
長野市,253,36.67650543,138.1549096,0,
長野市,254,36.67535187,138.149235,0,
長野市,255,36.67749394,138.1457756,0,
長野市,256,36.67949163,138.1493733,0,
長野市,257,36.68309292,138.174966,0,
長野市,258,36.68050494,138.1674743,0,
長野市,259,36.68017356,138.1637565,0,
長野市,260,36.67488601,138.137184,0,
長野市,261,36.68076736,138.1402729,0,
長野市,262,36.66725955,138.140961,0,
長野市,263,36.67195975,138.1304205,0,
長野市,264,36.6711486,138.1353256,0,
長野市,265,36.67932519,138.1206769,0,
長野市,266,36.68008021,138.1265879,0,
長野市,267,36.67947951,138.1295252,0,
長野市,268,36.67578782,138.1014174,0,
長野市,269,36.67414344,138.1126308,0,
長野市,270,36.71834142,138.1388076,0,
長野市,271,36.71654333,138.1408471,0,
長野市,272,36.70713256,138.1444866,0,
長野市,273,36.71282451,138.1378974,0,
長野市,274,36.71062394,138.1257976,0,
長野市,275,36.7089374,138.1312071,0,
長野市,276,36.70070851,138.1143081,0,
長野市,277,36.70084391,138.131549,0,
長野市,278,36.62639073,138.1209753,0,
長野市,279,36.63289829,138.1347669,0,
長野市,280,36.64059654,138.1227769,0,
長野市,281,36.63677828,138.1226803,0,
長野市,282,36.64352677,138.1098652,0,
長野市,283,36.65033282,138.1143087,0,
長野市,284,36.64455707,138.1182977,0,
長野市,285,36.62874378,138.1062999,0,
長野市,286,36.6568277,138.1313421,0,
長野市,287,36.66780795,138.1445714,0,
長野市,288,36.66142283,138.1420637,0,
長野市,289,36.66475541,138.1561045,0,
長野市,290,36.66425744,138.154067,0,
長野市,291,36.66318384,138.1558322,0,
長野市,292,36.66387415,138.1577013,0,
長野市,293,36.66251993,138.1546975,0,
長野市,294,36.57018262,138.1416847,0,
長野市,295,36.57104767,138.1346312,0,
長野市,296,36.57215907,138.1370944,0,
長野市,297,36.57601898,138.14955,0,
長野市,298,36.57325533,138.1389661,0,
長野市,299,36.56631148,138.1363851,0,
長野市,300,36.56239575,138.1500266,0,
長野市,301,36.56146552,138.1426533,0,
長野市,302,36.57620203,138.1556928,0,
長野市,303,36.57675133,138.1398821,0,
長野市,304,36.58224208,138.1457065,0,
長野市,305,36.57947857,138.1414229,0,
長野市,306,36.5797926,138.1578374,0,
長野市,307,36.57750042,138.1494129,0,
長野市,308,36.58039741,138.1382043,0,
長野市,309,36.57676154,138.1313372,0,
長野市,310,36.57826789,138.1370846,0,
長野市,311,36.58253283,138.1326606,0,
長野市,312,36.57842877,138.1277202,0,
長野市,313,36.57325524,138.1303557,0,
長野市,314,36.57576353,138.1326296,0,
長野市,315,36.54801053,138.1070805,0,
長野市,316,36.55436746,138.1047168,0,
長野市,317,36.55054775,138.1108808,0,
長野市,318,36.55128822,138.1143064,0,
長野市,319,36.56081776,138.1243066,0,
長野市,320,36.55790773,138.1176704,0,
長野市,321,36.56095966,138.1355009,0,
長野市,322,36.54849633,138.1020993,0,
長野市,323,36.56493715,138.1273498,0,
長野市,324,36.5653594,138.1081604,0,
長野市,325,36.57641912,138.1166948,0,
長野市,326,36.56717423,138.1323643,0,
長野市,327,36.56879568,138.1198053,0,
長野市,328,36.57152463,138.125853,0,
長野市,329,36.56554504,138.1107008,0,
長野市,330,36.61922299,138.1343121,0,
長野市,331,36.5951054,138.1458596,0,
長野市,332,36.61072348,138.1311274,0,
長野市,333,36.60030401,138.1367764,0,
長野市,334,36.59173404,138.1325518,0,
長野市,335,36.60077247,138.1466262,0,
長野市,336,36.58683078,138.1308648,0,
長野市,337,36.59364029,138.1499157,0,
長野市,338,36.60007933,138.1310645,0,
長野市,339,36.58591652,138.1063025,0,
長野市,340,36.59056622,138.1029397,0,
長野市,341,36.60110856,138.0900323,0,
長野市,342,36.59676312,138.0851139,0,
長野市,343,36.58207675,138.0913869,0,
長野市,344,36.57440262,138.104886,0,
長野市,345,36.58319836,138.1027545,0,
長野市,346,36.60746833,138.0987989,0,
長野市,347,36.60534689,138.0936504,0,
長野市,348,36.6158471,138.0952828,0,
長野市,349,36.61585152,138.1058012,0,
長野市,350,36.61171542,138.0886297,0,
長野市,351,36.60525825,138.0738816,0,
長野市,352,36.57220878,138.1640709,0,
長野市,353,36.57127801,138.1763135,0,
長野市,354,36.57278559,138.1727137,0,
長野市,355,36.57802711,138.1702535,0,
長野市,356,36.57885417,138.1759735,0,
長野市,357,36.58490266,138.1772371,0,
長野市,358,36.56997238,138.1794254,0,
長野市,359,36.58364318,138.1886958,0,
長野市,360,36.58563558,138.1827759,0,
長野市,361,36.57991124,138.1877883,0,
長野市,362,36.57679202,138.1854294,0,
長野市,363,36.58400671,138.184247,0,
長野市,364,36.58783037,138.1814264,0,
長野市,365,36.585056,138.188571,0,
長野市,366,36.56292565,138.1980128,0,
長野市,367,36.56615734,138.1989831,0,
長野市,368,36.55802229,138.2016194,0,
長野市,369,36.57178488,138.1979693,0,
長野市,370,36.55409962,138.1903407,0,
長野市,371,36.56277756,138.2045632,0,
長野市,372,36.5755094,138.195218,0,
長野市,373,36.56273332,138.2021696,0,
長野市,374,36.5710543,138.2031816,0,
長野市,375,36.5619902,138.1602228,0,
長野市,376,36.56371492,138.1748947,0,
長野市,377,36.55595801,138.1819383,0,
長野市,378,36.56225477,138.1662353,0,
長野市,379,36.55730059,138.1771042,0,
長野市,380,36.56186743,138.1832944,0,
長野市,381,36.55601794,138.1799417,0,
長野市,382,36.56233759,138.1763142,0,
長野市,383,36.54927014,138.2002537,0,
長野市,384,36.5406692,138.2060848,0,
長野市,385,36.54340456,138.2027554,0,
長野市,386,36.55329112,138.2017575,0,
長野市,387,36.55479439,138.1990252,0,
長野市,388,36.5532146,138.2073212,0,
長野市,389,36.55034133,138.2017272,0,
長野市,390,36.55600593,138.2055832,0,
長野市,391,36.54602251,138.201593,0,
長野市,392,36.54902465,138.2292048,0,
長野市,393,36.55399231,138.231072,0,
長野市,394,36.54362077,138.2285048,0,
長野市,395,36.53672423,138.2330136,0,
長野市,396,36.55064446,138.2111226,0,
長野市,397,36.54571491,138.2265833,0,
長野市,398,36.54309972,138.2263152,0,
長野市,399,36.53382949,138.2387082,0,
長野市,400,36.56311482,138.2108306,0,
長野市,401,36.56029703,138.2106407,0,
長野市,402,36.56951275,138.2104503,0,
長野市,403,36.55516454,138.2105511,0,
長野市,404,36.56111442,138.2167936,0,
長野市,405,36.5705226,138.2114809,0,
長野市,406,36.56401576,138.2173308,0,
長野市,407,36.55602832,138.2074095,0,
長野市,408,36.5637996,138.2266356,0,
長野市,409,36.5918277,138.2002786,0,
長野市,410,36.59013848,138.1993005,0,
長野市,411,36.5927851,138.2071825,0,
長野市,412,36.5900663,138.2124552,0,
長野市,413,36.59658833,138.2184975,0,
長野市,414,36.59813495,138.2210152,0,
長野市,415,36.59020166,138.2016617,0,
長野市,416,36.60035195,138.2229836,0,
長野市,417,36.59549369,138.2197279,0,
長野市,418,36.61398643,138.251161,0,
長野市,419,36.61922925,138.2526708,0,
長野市,420,36.62773762,138.2601237,0,
長野市,421,36.63176393,138.2606163,0,
長野市,422,36.62254536,138.2612721,0,
長野市,423,36.62135138,138.2745731,0,
長野市,424,36.63170134,138.2655258,0,
長野市,425,36.62890837,138.2671329,0,
長野市,426,36.61848432,138.2750631,0,
長野市,427,36.61029346,138.2423012,0,
長野市,428,36.60408567,138.234989,0,
長野市,429,36.60406091,138.2421236,0,
長野市,430,36.60133121,138.2470197,0,
長野市,431,36.59401795,138.2469672,0,
長野市,432,36.59621136,138.2518389,0,
長野市,433,36.59919889,138.2543924,0,
長野市,434,36.60754315,138.2389196,0,
長野市,435,36.59755312,138.2412023,0,
長野市,436,36.57976305,138.2791549,0,
長野市,437,36.5874271,138.2660779,0,
長野市,438,36.58690597,138.2611406,0,
長野市,439,36.59012626,138.2611165,0,
長野市,440,36.5825924,138.2587832,0,
長野市,441,36.59264054,138.2563394,0,
長野市,442,36.58330799,138.2874856,0,
長野市,443,36.58317608,138.2752083,0,
長野市,444,36.58706197,138.2541551,0,
長野市,445,36.60708192,138.2825663,0,
長野市,446,36.60532351,138.2841515,0,
長野市,447,36.60870159,138.2767905,0,
長野市,448,36.60782112,138.2797302,0,
長野市,449,36.60859579,138.2818278,0,
長野市,450,36.60830793,138.2850729,0,
長野市,451,36.60234099,138.1531519,0,
長野市,452,36.6089861,138.140775,0,
長野市,453,36.60880836,138.1449175,0,
長野市,454,36.61238715,138.1565587,0,
長野市,455,36.60664977,138.1581434,0,
長野市,456,36.60875748,138.1526694,0,
長野市,457,36.61468942,138.1423789,0,
長野市,458,36.61784945,138.1503557,0,
長野市,459,36.61446535,138.1513093,0,
長野市,460,36.59124521,138.1545668,0,
長野市,461,36.58977099,138.152012,0,
長野市,462,36.59234993,138.1530047,0,
長野市,463,36.58892684,138.1473011,0,
長野市,464,36.58165292,138.1531546,0,
長野市,465,36.5996754,138.1563909,0,
長野市,466,36.59467515,138.1524197,0,
長野市,467,36.5838173,138.1503126,0,
長野市,468,36.59962155,138.1656676,0,
長野市,469,36.59678479,138.1656477,0,
長野市,470,36.59526876,138.1575406,0,
長野市,471,36.58558765,138.1748088,0,
長野市,472,36.59344349,138.1744116,0,
長野市,473,36.59281624,138.1715312,0,
長野市,474,36.58974933,138.1795637,0,
長野市,475,36.58935695,138.1600523,0,
長野市,476,36.61644163,138.1569225,0,
長野市,477,36.61855642,138.1781725,0,
長野市,478,36.61596948,138.1719456,0,
長野市,479,36.6135287,138.1741627,0,
長野市,480,36.61397066,138.1666024,0,
長野市,481,36.61900388,138.1670125,0,
長野市,482,36.61864794,138.1595195,0,
長野市,483,36.61741755,138.1774062,0,
長野市,484,36.62096201,138.1795859,0,
長野市,485,36.6160966,138.1891681,0,
長野市,486,36.6046715,138.1891497,0,
長野市,487,36.61245425,138.196413,0,
長野市,488,36.61657909,138.1955687,0,
長野市,489,36.60380787,138.1932557,0,
長野市,490,36.61022306,138.1867098,0,
長野市,491,36.61352156,138.1848569,0,
長野市,492,36.60988146,138.1924593,0,
長野市,493,36.61519122,138.184352,0,
長野市,494,36.5997626,138.18296,0,
長野市,495,36.60211544,138.1740107,0,
長野市,496,36.59005866,138.1866215,0,
長野市,497,36.60872226,138.172625,0,
長野市,498,36.61298962,138.1772704,0,
長野市,499,36.60153025,138.1757993,0,
長野市,500,36.60774042,138.1628722,0,
長野市,501,36.60506413,138.1696887,0,
長野市,502,36.59723766,138.1934773,0,
長野市,503,36.60531617,138.207619,0,
長野市,504,36.6100003,138.1974848,0,
長野市,505,36.60929482,138.2074913,0,
長野市,506,36.60475188,138.2088649,0,
長野市,507,36.60772849,138.2149548,0,
長野市,508,36.61293223,138.2165705,0,
長野市,509,36.60308327,138.2093503,0,
長野市,510,36.60844572,138.2120643,0,
長野市,511,36.62138276,138.0840322,0,
長野市,512,36.6275805,138.077844,0,
長野市,513,36.63418282,138.0827709,0,
長野市,514,36.63502386,138.0752772,0,
長野市,515,36.63307562,138.0889446,0,
長野市,516,36.64545562,138.0977552,0,
長野市,517,36.63952448,138.0941143,0,
長野市,518,36.63727956,138.091261,0,
長野市,519,36.63154232,138.0588919,0,
長野市,520,36.62757136,138.0636006,0,
長野市,521,36.62734249,138.0663568,0,
長野市,522,36.61867839,138.1002373,0,
長野市,523,36.62050507,138.091751,0,
長野市,524,36.61758717,138.08783,0,
長野市,525,36.61158044,138.0828268,0,
長野市,526,36.60837934,138.0756019,0,
長野市,527,36.60746423,138.0657735,0,
長野市,528,36.623079,138.0967072,0,
長野市,529,36.56380562,138.0928687,0,
長野市,530,36.56753746,138.0909247,0,
長野市,531,36.5648971,138.0772912,0,
長野市,532,36.55712583,138.066978,0,
長野市,533,36.57178931,138.0727309,0,
長野市,534,36.57071901,138.0886176,0,
長野市,535,36.56492594,138.0787918,0,
長野市,536,36.55809217,138.0518457,0,
長野市,537,36.54639399,138.0400005,0,
長野市,538,36.54899953,138.0352593,0,
長野市,539,36.53893913,138.0294657,0,
長野市,540,36.53543203,138.0366223,0,
長野市,541,36.5566329,138.0483122,0,
長野市,542,36.58121545,138.0676292,0,
長野市,543,36.58157438,138.0570187,0,
長野市,544,36.5756023,138.0554528,0,
長野市,545,36.57730476,138.0734517,0,
長野市,546,36.5716794,138.0636847,0,
長野市,547,36.56370662,138.0301645,0,
長野市,548,36.56207672,138.0295476,0,
長野市,549,36.56912001,138.0469206,0,
長野市,550,36.56800433,138.0489203,0,
長野市,551,36.56603491,138.0418286,0,
長野市,552,36.5886944,138.0743125,0,
長野市,553,36.59052634,138.0576658,0,
長野市,554,36.59945626,138.0597362,0,
長野市,555,36.59521761,138.0494409,0,
長野市,556,36.59421487,138.0460615,0,
長野市,557,36.59387285,138.0786614,0,
長野市,558,36.58771217,138.0710122,0,
長野市,559,36.69697047,138.2553562,0,
長野市,560,36.70190583,138.2596488,0,
長野市,561,36.70604324,138.2596264,0,
長野市,562,36.70932276,138.2683547,0,
長野市,563,36.71044592,138.269749,0,
長野市,564,36.7099614,138.280465,0,
長野市,565,36.71336423,138.2783609,0,
長野市,566,36.71129107,138.2827666,0,
長野市,567,36.72149307,138.2983586,0,
長野市,568,36.72433192,138.2963895,0,
長野市,569,36.72022536,138.2946451,0,
長野市,570,36.72856016,138.3004633,0,
長野市,571,36.72739686,138.2938776,0,
長野市,572,36.73107323,138.2915623,0,
長野市,573,36.72362493,138.3018519,0,
長野市,574,36.7317387,138.2863681,0,
長野市,575,36.73374728,138.2725957,0,
長野市,576,36.70212208,138.0890877,0,
長野市,577,36.70015715,138.0944031,0,
長野市,578,36.71234675,138.087367,0,
長野市,579,36.70777794,138.0932152,0,
長野市,580,36.69012693,138.0924408,0,
長野市,581,36.70721214,138.0766444,0,
長野市,582,36.70636684,138.0865548,0,
長野市,583,36.69523626,138.1049168,0,
長野市,584,36.71675589,138.0855944,0,
長野市,585,36.73531717,138.0840386,0,
長野市,586,36.73970151,138.0854231,0,
長野市,587,36.74900926,138.0844525,0,
長野市,588,36.74155985,138.0853712,0,
長野市,589,36.73114923,138.0782833,0,
長野市,590,36.72657289,138.07898,0,
長野市,591,36.72355485,138.0649768,0,
長野市,592,36.73107771,138.0757298,0,
長野市,593,36.69981401,138.06572,0,
長野市,594,36.68530671,138.069049,0,
長野市,595,36.67806397,138.0686813,0,
長野市,596,36.68569684,138.0628051,0,
長野市,597,36.67423208,138.0740687,0,
長野市,598,36.68779184,138.0792877,0,
長野市,599,36.67669791,138.0774486,0,
長野市,600,36.68134021,138.0551396,0,
長野市,601,36.67401042,138.0532671,0,
長野市,602,36.67008034,138.0504715,0,
長野市,603,36.66557865,138.062156,0,
長野市,604,36.66745382,138.0579932,0,
長野市,605,36.67232928,138.0489716,0,
長野市,606,36.66777005,138.0668993,0,
長野市,607,36.65951943,138.0708065,0,
長野市,608,36.67144655,138.0777877,0,
長野市,609,36.66884655,138.088257,0,
長野市,610,36.66275565,138.0959435,0,
長野市,611,36.67111484,138.0841607,0,
長野市,612,36.67150544,138.0972456,0,
長野市,613,36.70210624,138.0273776,0,
長野市,614,36.71497168,138.0362688,0,
長野市,615,36.72042794,138.0418009,0,
長野市,616,36.7027668,138.013289,0,
長野市,617,36.71211644,138.0225491,0,
長野市,618,36.68227211,138.0050418,0,
長野市,619,36.68082457,138.0092698,0,
長野市,620,36.67304483,138.0068544,0,
長野市,621,36.68040907,138.0011815,0,
長野市,622,36.67850797,137.9929385,0,
長野市,623,36.67158748,137.9961731,0,
長野市,624,36.69531422,138.0085884,0,
長野市,625,36.68461674,138.0127534,0,
長野市,626,36.68194099,137.9804059,0,
長野市,627,36.70437796,137.9540762,0,
長野市,628,36.71527903,137.9633298,0,
長野市,629,36.68538719,137.9660977,0,
長野市,630,36.68746909,137.9416341,0,
長野市,631,36.66896737,137.9286803,0,
長野市,632,36.68530609,137.9671549,0,
長野市,633,36.52055408,138.0225859,0,
長野市,634,36.5226702,138.0084041,0,
長野市,635,36.52852952,138.01138,0,
長野市,636,36.5315905,138.0057614,0,
長野市,637,36.519056,138.008624,0,
長野市,638,36.52694255,137.9664343,0,
長野市,639,36.53496021,137.9655771,0,
長野市,640,36.5203338,137.963278,0,
長野市,641,36.51739279,137.9947329,0,
長野市,642,36.52118239,137.9840781,0,
長野市,643,36.51236767,137.9697525,0,
長野市,644,36.5065194,137.9877635,0,
長野市,645,36.49343059,138.0159421,0,
長野市,646,36.49875874,137.9759139,0,
長野市,647,36.50408199,137.9627619,0,
長野市,648,36.49429637,137.9680256,0,
長野市,649,36.48843932,137.9770926,0,
長野市,650,36.47234802,137.9589291,0,
長野市,651,36.47747771,137.980306,0,
長野市,652,36.47599442,137.9879988,0,
長野市,653,36.5728334,138.0158867,0,
長野市,654,36.56740651,138.0060471,0,
長野市,655,36.57758054,138.0152087,0,
長野市,656,36.57338771,138.0199504,0,
長野市,657,36.56800864,137.9897281,0,
長野市,658,36.58650807,138.0208277,0,
長野市,659,36.59387328,138.0240828,0,
長野市,660,36.58603878,138.0121846,0,
長野市,661,36.54762389,137.9731772,0,
長野市,662,36.5330714,137.9623702,0,
長野市,663,36.52495295,137.9354264,0,
長野市,664,36.54687604,137.9785272,0,
長野市,665,36.55717399,137.9481805,0,
長野市,666,36.53849934,137.9437426,0,
長野市,667,36.54909727,137.9409875,0,
長野市,668,36.57266645,138.0274813,0,
長野市,669,36.57722044,138.0471639,0,
長野市,670,36.57465201,138.04912,0,
長野市,671,36.58876284,138.0440151,0,
長野市,672,36.58931864,138.0319022,0,
長野市,673,36.58707561,137.9971409,0,
長野市,674,36.59234636,138.0014703,0,
長野市,675,36.58555376,138.0031404,0,
長野市,676,36.58241866,137.9995811,0,
長野市,677,36.58967045,137.9754468,0,
長野市,678,36.59851539,137.9675896,0,
長野市,679,36.59281341,137.9598511,0,
長野市,680,36.58761461,137.9436669,0,
長野市,681,36.57051068,138.015088,0,
長野市,682,36.56592073,138.0164382,0,
長野市,683,36.56550158,138.0121936,0,
長野市,684,36.56752608,138.016945,0,
長野市,685,36.55919834,138.0157071,0,
長野市,686,36.56029716,138.0024025,0,
長野市,687,36.55426839,138.0081491,0,
長野市,688,36.54945086,137.9980607,0,
長野市,689,36.5458225,137.9943706,0,
長野市,690,36.53973334,137.988607,0,
長野市,691,36.61280023,138.0523447,0,
長野市,692,36.60539127,138.052929,0,
長野市,693,36.59934083,138.0334427,0,
長野市,694,36.62276331,138.0491233,0,
長野市,695,36.62913111,138.0501512,0,
長野市,696,36.62381987,138.043074,0,
長野市,697,36.64268745,138.0379879,0,
長野市,698,36.64087163,138.0544374,0,
長野市,699,36.61189455,138.0367004,0,
長野市,700,36.6054769,138.0232868,0,
長野市,701,36.60728391,138.0335966,0,
長野市,702,36.63444897,138.0255608,0,
長野市,703,36.63967053,138.0085369,0,
長野市,704,36.6066709,138.0115112,0,
長野市,705,36.60644366,138.0063245,0,
長野市,706,36.62040912,138.005404,0,